ID,Name,Age,Gender,Email,City,Salary,Purchase_Amount,Signup_Date,Subscription_Type
1,Mrs. Lisa Long,60.0,Female,ortiztina@hotmail.com,Shawnborough,51911.0,958.28,2023-02-23,Premium
2,Johnny Harrison,,Other,wwebb@brown-nguyen.com,East Brian,,236.72,2021-10-24,Premium
3,Casey Calderon,53.0,Male,shawn84@wallace.org,Anthonyside,109812.0,607.25,2024-06-14,Standard
4,Calvin Carter,46.0,Female,nelsonerika@yahoo.com,East Taramouth,40748.0,,2021-10-07,Basic
5,Susan Bates,67.0,Female,singletonmichelle@hotmail.com,Clintonmouth,100448.0,696.47,2024-03-16,Standard
6,Daniel Moore,21.0,Other,james64@gmail.com,Dorseyborough,107225.0,,2021-10-19,Premium
7,,47.0,Male,pcook@jenkins.com,East Jamesburgh,,571.79,2021-08-04,Standard
8,Kristi Garrett,,Male,alexandra06@gmail.com,New Charlesport,86227.0,867.79,2020-07-14,Premium
9,Jennifer Williams,,Male,jenniferbaldwin@wilson.com,,51121.0,687.5,2020-02-28,Premium
10,Lonnie Best,38.0,Other,rileyanita@lopez.com,South Stevenview,138942.0,762.4,2021-04-10,
11,Heather Bailey,64.0,Female,xboyd@nguyen-smith.net,Cardenasmouth,131602.0,565.69,2023-08-14,Standard
12,Derrick Coleman,41.0,Other,john78@reynolds-gardner.com,Brendaborough,103906.0,768.58,2023-05-09,Premium
13,Brandon Colon,57.0,Female,ydavis@yahoo.com,Lake Cheyenne,,81.81,,Premium
14,Stephanie Barber,48.0,Male,timothy68@hanna.com,West Stephaniefort,94268.0,507.88,2024-03-04,Standard
15,Jonathan Green,51.0,,dukejay@hotmail.com,Lake Kevin,,392.76,2021-12-23,Premium
16,Jill Valentine,29.0,Other,thompsondavid@yahoo.com,Buchananshire,141764.0,,2024-06-07,Premium
17,Lauren Anderson,69.0,,onelson@yahoo.com,Cynthiaside,131998.0,276.62,2023-05-08,Basic
18,Jill Potts,44.0,Female,nancyguerra@gmail.com,West Jamesland,102255.0,425.03,2023-06-05,Standard
19,Debra Johnson,24.0,Male,aeaton@torres.net,Martineztown,145054.0,155.32,2022-11-14,Standard
20,Kelly Perez,62.0,Male,stephen60@wilkerson.com,Howardmouth,136528.0,855.22,2024-07-15,Standard
21,Jeremy Dougherty,,Female,justinrush@yahoo.com,East Andre,56336.0,924.94,2024-07-24,Premium
22,Gregory Lopez,38.0,Other,waltonmichael@gmail.com,New Nicholasstad,33657.0,741.72,,Basic
23,Timothy Thompson,26.0,Female,kristiehernandez@gmail.com,New Jessica,,817.4,2021-04-20,Basic
24,David Coleman,66.0,,russellkerr@fowler.org,Kennethland,147536.0,98.52,2021-04-07,Standard
25,Amber Daniels,54.0,Male,lawrencerice@cole.com,Lake Justinbury,,63.81,2024-01-02,Standard
26,Anita Arnold,21.0,Other,bhernandez@waller-smith.com,New Calebmouth,100481.0,291.27,2020-07-26,
27,Heather Cooper,59.0,Male,justin22@wise.com,New Angelaborough,77370.0,158.87,2021-09-29,Basic
28,Kayla Vaughn,50.0,Other,cking@yahoo.com,South Emilyside,70195.0,700.98,2024-06-26,Premium
29,Jason Sanchez,69.0,,morenosherri@compton.org,Sherichester,34653.0,207.3,2020-12-11,Standard
30,Gerald Short IV,21.0,Other,cdean@wyatt-walls.org,Elizabethshire,128870.0,,2023-07-23,Basic
31,Alyssa Guerrero,59.0,Male,shawn92@smith.com,West Anthony,110068.0,830.33,2024-04-25,Premium
32,Jean Dixon,26.0,Male,gallegosmary@ibarra.com,Waltonburgh,103998.0,749.39,2020-07-15,Standard
33,Shirley Russell,51.0,Female,garciaelizabeth@campbell.com,Lake Heather,49951.0,262.89,2023-05-31,Basic
34,Eric Rodriguez,,Male,vancechristine@hotmail.com,West Cherylfurt,100117.0,583.98,,Basic
35,Nicholas Cooper,20.0,Other,dpalmer@bird.biz,Timothyview,80022.0,514.88,2020-09-25,Standard
36,Crystal Mcintosh,,Female,poncemichele@yahoo.com,South Katherinemouth,67546.0,,2020-03-13,Premium
37,Kelly Miranda,66.0,Male,dhoward@mason.info,East Tinatown,107190.0,192.63,2022-05-28,Standard
38,Jenna Solomon,45.0,Other,ramseyshannon@hotmail.com,Tapiaberg,130322.0,45.24,2021-07-20,
39,Lauren Logan,30.0,Female,scolon@hotmail.com,Lopezville,149040.0,799.63,2024-08-23,Premium
40,Kristy Rodriguez,32.0,Female,dawnberry@gmail.com,New Alicia,123252.0,912.17,2022-01-20,Standard
41,Rachel Alexander,25.0,Female,matthewlee@obrien.com,Lake Williamstad,119897.0,259.68,2020-02-11,Premium
42,Jerry Hall,26.0,Other,jmartin@yahoo.com,New Kyleside,75367.0,,2024-02-21,Standard
43,Karen Newman,44.0,Female,lmccann@yahoo.com,North Andrewmouth,102885.0,723.14,2022-08-30,Basic
44,Todd Davis,21.0,Female,greenkimberly@kim.org,West Davidfurt,120170.0,91.0,2022-04-16,Standard
45,Timothy Johnson,20.0,Female,tonya13@yahoo.com,Karahaven,86158.0,187.12,2024-04-18,Basic
46,Jennifer Williamson,33.0,Male,michaelhuynh@hotmail.com,East Justin,,615.55,2023-08-13,Standard
47,Edward Sanders,56.0,Female,pricericardo@gmail.com,Rojasview,98120.0,935.85,2020-03-11,Standard
48,Jermaine Miller,21.0,Male,timothygill@klein.com,Aguilarport,48039.0,956.16,2024-12-13,Premium
49,,,Male,josephross@gmail.com,Allisonhaven,127559.0,985.81,,Premium
50,Michael Ortiz,45.0,Male,daniellopez@ibarra.com,West Tiffany,55355.0,986.44,2021-09-20,Basic
51,Larry Wilcox,43.0,Male,moodyjoshua@navarro.com,West Scott,,732.9,2024-06-09,Premium
52,Gregory Smith,25.0,Male,hgriffith@gmail.com,Port Jenniferland,74478.0,,2023-03-10,Standard
53,Nicole Martinez,,Female,andrea74@yahoo.com,Fuentesport,91797.0,408.97,2022-10-12,Premium
54,Brenda Weber,36.0,Male,shawnhamilton@gmail.com,Powellville,128997.0,826.63,2021-10-27,Standard
55,Matthew Fuller,18.0,Male,salinasjennifer@nguyen.com,Deborahton,63216.0,414.51,2022-01-13,Premium
56,Alexis Smith,40.0,Other,amber12@fields.com,East Elizabeth,47771.0,550.28,2020-12-08,Basic
57,Andrea Perry,39.0,Female,jenniferking@collins.biz,North Sandra,57746.0,146.49,2024-04-06,Premium
58,Beth Kennedy,,Other,david78@taylor.info,Port Josephport,124166.0,829.96,2024-01-21,Premium
59,Allison Strickland,20.0,Female,abrewer@gmail.com,North Annette,69793.0,691.12,2022-12-19,Standard
60,Robert White,24.0,Other,richardsondavid@yahoo.com,East Larry,63372.0,952.79,2024-12-23,Premium
61,Katie Lewis,56.0,Female,combsbryan@yahoo.com,East Sherry,132078.0,673.38,2024-11-30,Basic
62,Larry Martinez,68.0,Male,shannoncarey@turner.biz,Brianside,104089.0,471.0,2022-02-23,Basic
63,Michael Harmon,41.0,,davidcasey@clark-clark.biz,New Brenda,,246.01,2020-08-31,Standard
64,Lauren Trevino,24.0,Female,kyleholmes@hotmail.com,Williamsville,111595.0,506.51,2022-03-31,Basic
65,Alex Anderson,50.0,Male,andrewsdavid@lee.com,Jamesport,32357.0,846.61,,Standard
66,Michael Coleman,33.0,Female,jennifer06@yahoo.com,North Amy,,348.19,2021-03-14,Basic
67,Jorge Medina,36.0,Male,evanjackson@cortez.net,East Charlesville,117410.0,852.41,2024-10-25,Premium
68,Scott Bailey,41.0,,perryrobert@ritter.com,Johnfort,112051.0,844.25,2020-10-16,Standard
69,Mark Campbell,28.0,Female,ralphwalton@hotmail.com,South Sara,62519.0,478.17,2022-01-07,Basic
70,William James,24.0,Other,timothyfisher@hotmail.com,Coreyberg,131682.0,551.19,2020-04-21,Premium
71,Valerie Long,35.0,Female,david72@jones.biz,Simpsonton,,702.42,2024-01-30,Basic
72,Chelsea Wilson,34.0,Female,,East Nicholasborough,125265.0,,2020-12-13,Standard
73,Richard Guzman,65.0,Male,jenny16@estrada.com,South Daniel,116201.0,,2023-02-20,Basic
74,Andrea Brock,66.0,Other,josefrancis@yahoo.com,Port Gary,,876.0,2024-12-23,Premium
75,James Rodriguez,51.0,Male,rjackson@young.com,Stephanieside,38837.0,247.55,2022-04-28,Basic
76,Kevin Castro,39.0,Other,alison24@yahoo.com,South Danielleton,45091.0,824.34,2022-03-28,Basic
77,Mark Alexander,59.0,Female,qcarr@gmail.com,North Lauren,,116.96,2022-09-13,
78,Joy Duran,61.0,Female,egarcia@yahoo.com,Leonardside,147855.0,222.35,2022-03-29,
79,Linda Boyd,,Other,matthew90@herrera.org,Lake Brittany,36160.0,782.49,2021-09-20,Basic
80,Sarah Thomas,48.0,Male,crossmichael@jensen.biz,Frazierburgh,144663.0,315.88,2023-10-29,Basic
81,Matthew Martin,32.0,Other,jennifer81@contreras.com,South Maria,84392.0,208.61,2020-01-14,Basic
82,Michael Davenport,37.0,Female,alex54@yahoo.com,East Reneeland,85008.0,182.92,2025-01-06,Basic
83,Whitney Brown,36.0,Male,xbrown@yahoo.com,Simmonsland,,27.68,2021-11-07,Premium
84,Tiffany Franklin,58.0,Female,sandra87@frederick.com,Terrifurt,64524.0,906.35,2025-01-11,Standard
85,David Green,52.0,Other,gwhite@conway-curtis.com,Curtismouth,48075.0,,2022-11-23,Standard
86,,50.0,Male,edavenport@gmail.com,Ericborough,142180.0,794.75,2024-03-23,Premium
87,Jennifer Lee,46.0,Other,pmoore@lopez.com,West Kevin,128117.0,559.64,2020-09-24,Basic
88,Patrick Thomas,,Female,smithbenjamin@hotmail.com,Brookechester,104088.0,82.29,,Standard
89,David Wells,34.0,Male,wilkersonstephen@yahoo.com,Lake Alan,78149.0,330.03,2023-11-22,Standard
90,Chris Alexander,24.0,Other,zhicks@solis.com,West Olivia,81387.0,443.12,2024-09-27,Basic
91,Michelle Whitehead,,Female,jenniferlara@bullock-carlson.info,Crystalton,45017.0,784.47,2024-01-16,Basic
92,Sarah Alvarado,55.0,Male,erik33@yahoo.com,Lake Janehaven,45416.0,826.75,2023-12-12,Basic
93,Alexandra Moore,24.0,Female,derek35@glenn.com,North Micheleside,104823.0,743.93,2023-02-22,Basic
94,Kevin Ramos,42.0,Other,bennettdiana@yahoo.com,Caseyville,30079.0,841.11,2020-01-30,Premium
95,James Butler,67.0,Female,danielmarshall@hotmail.com,Johnmouth,75079.0,132.89,2024-04-10,Premium
96,Tiffany Morales,31.0,Male,katie53@gmail.com,Michaelmouth,45287.0,,2020-02-20,Premium
97,Dominique Torres,20.0,Female,williamsashley@gmail.com,West Angela,88211.0,888.35,2020-07-10,Basic
98,Karen Wang,49.0,Male,cmorris@shaw-wyatt.com,Lake Michaelton,99422.0,,2024-11-13,
99,Craig Mcdaniel,,Male,iclark@gmail.com,North Francesburgh,126462.0,533.06,2022-02-15,Standard
100,Nicolas Rush,28.0,Other,castrojoseph@torres.com,Port Tanya,138957.0,115.74,2024-03-09,Basic
101,Bradley Pope,39.0,Female,juliealvarado@salinas.com,Garciamouth,111743.0,761.0,2022-06-09,Standard
102,Ms. Brenda Martinez MD,55.0,Male,xmeyer@schultz.org,North Elizabethville,84666.0,576.29,2024-07-26,Standard
103,Kayla Smith,27.0,Female,duranandrea@sanders.com,Wyattmouth,91781.0,864.7,2020-06-26,Basic
104,Robin Cochran,67.0,Other,aaronjordan@hall.com,,47052.0,12.77,2023-11-01,Basic
105,Melvin Mckinney,68.0,Female,davidcompton@yahoo.com,Franklinchester,107576.0,889.8,2021-12-30,Standard
106,Michael Perez,20.0,,grahamjoseph@estrada.info,Aprilburgh,,290.75,2024-01-07,Basic
107,Dan Davis,,Female,zanthony@mclaughlin-garcia.biz,South William,92614.0,696.43,2022-09-06,Standard
108,Bobby Jefferson,39.0,Male,,East Laura,87500.0,558.64,2023-01-09,Premium
109,Jose Trevino,35.0,,thomasharmon@gmail.com,East Jesseburgh,129698.0,795.16,2022-08-29,Premium
110,Billy Curtis,54.0,Male,christina40@mcdaniel-hartman.com,Kennethburgh,99327.0,812.76,2023-07-04,Basic
111,Anthony Nelson,70.0,Other,kimberly70@yahoo.com,Elliottfort,40207.0,,2022-09-07,Basic
112,Zachary Harris,45.0,Male,jonathan16@hotmail.com,West Rebekahmouth,138714.0,,2023-12-25,Premium
113,Ms. Laura Wright DVM,34.0,Male,veronicacarter@taylor.com,,86794.0,716.34,2022-05-21,Premium
114,Connie Carter,55.0,Female,ana75@hotmail.com,Amandamouth,99675.0,826.2,2024-03-22,Standard
115,Elizabeth Allen,34.0,Female,brandonprice@gmail.com,Johnstonfort,136015.0,212.96,2021-01-24,Premium
116,Jeffrey Gonzalez,35.0,Other,patrickalexa@yahoo.com,North Lindashire,119726.0,837.92,2020-06-10,Basic
117,Michele Kelley,68.0,,jfrost@gmail.com,Cathyside,131472.0,355.92,2020-05-28,Basic
118,Brenda Wilkins,48.0,Other,osbornbrittany@andrade-jones.com,Erinfurt,65573.0,236.83,2022-06-08,Basic
119,George Webb,44.0,Other,jacob37@moreno.info,New Katherine,68955.0,850.83,2021-10-27,Standard
120,Suzanne Calderon,68.0,Male,lmoore@gmail.com,Mendozaberg,104761.0,114.98,2022-12-13,Premium
121,Jesse Davis,60.0,Other,yhawkins@hotmail.com,Marilynton,93230.0,984.28,2023-05-10,Standard
122,,61.0,Male,stevenbarton@walker.org,Bobberg,53840.0,874.97,2023-04-18,Basic
123,Dennis Brown,49.0,Female,averybradley@roberts.com,Keithville,144990.0,481.86,2021-08-09,Standard
124,Lee Martin,35.0,Male,rita01@yahoo.com,North William,96619.0,553.44,2020-01-21,Premium
125,Vincent Scott,19.0,,mirandawells@sullivan.com,Davidberg,145270.0,25.12,2021-04-09,Basic
126,John Schneider,57.0,Other,woodwilliam@yahoo.com,Terrychester,68461.0,372.6,2023-11-24,Premium
127,Kristin Pearson,23.0,Male,jacobdixon@riley.biz,Jacobstad,65987.0,850.2,2024-01-06,Premium
128,,50.0,Male,zgomez@miller.biz,Port Donald,102655.0,134.65,2020-12-04,Standard
129,Heather Hopkins,47.0,Male,jamesphillips@diaz-johnston.org,,141247.0,271.81,2024-05-22,Basic
130,Laura Davis,39.0,Female,lindacohen@hotmail.com,Sotostad,105745.0,176.15,2022-06-18,Standard
131,Jessica West,37.0,Female,victoria46@gmail.com,West Richardborough,99189.0,309.18,2024-10-11,Standard
132,Taylor Davis,44.0,Other,jamie67@hotmail.com,,143828.0,89.43,2022-07-27,Premium
133,Albert Clark,68.0,Male,vincent34@gmail.com,Michaelberg,130939.0,915.32,2021-02-28,Standard
134,Holly Wright,42.0,Other,peterfernandez@scott-huff.com,Rogerburgh,,11.75,2021-05-17,Basic
135,Christopher Lopez PhD,60.0,Male,rhernandez@kane.com,North Sarahbury,134556.0,237.96,2021-04-15,Premium
136,Rebecca Phelps,58.0,Male,,East Andrew,135097.0,764.53,2020-06-03,Premium
137,Richard Casey,19.0,Female,thomastimothy@anderson.biz,Longmouth,38766.0,,2022-10-05,Standard
138,,31.0,Female,jennifermorris@yahoo.com,Perrytown,100256.0,269.3,2022-01-21,Premium
139,,37.0,Other,alvarezsteven@gmail.com,South Sandra,,690.82,2022-07-06,Basic
140,Natalie Anderson,26.0,Other,andersonjohnny@henderson.com,Melissashire,61483.0,910.18,2020-01-25,Standard
141,Randall Moore,30.0,Other,dhouse@hendricks.com,Morrisshire,49197.0,274.2,2021-07-15,Premium
142,Roberto Gray,59.0,Female,,Hayesland,76167.0,174.11,2024-06-07,Basic
143,Dennis Spears,32.0,Other,elizabethmora@gmail.com,Josephview,40597.0,983.32,2024-08-22,Basic
144,Robert Mccoy,46.0,Male,erichutchinson@hotmail.com,Lake Cindymouth,112663.0,,2023-10-01,Premium
145,Edwin Sandoval,63.0,Female,josephmurphy@gmail.com,Brownfort,101306.0,153.54,2023-10-07,Standard
146,Sara Clark,,,jennifermccarthy@marshall.org,New Donna,104332.0,529.89,2024-05-17,
147,Sharon Newton,70.0,Female,cranetonya@yahoo.com,Tracyshire,149637.0,326.25,2022-12-16,Standard
148,Angela Villa,59.0,Other,dalebrown@james-smith.com,Rodriguezshire,,156.12,2020-08-15,Standard
149,Charles Cox DVM,34.0,,williamsmith@clark.org,West Steventown,111839.0,,2024-01-31,Standard
150,Brittany Smith,53.0,Female,fpayne@gmail.com,New Brian,139791.0,17.7,2021-08-17,
151,Sean Petersen,36.0,Female,qgonzalez@cooke.com,,52863.0,832.23,2021-09-03,Premium
152,Destiny Benson,26.0,Other,brian12@yahoo.com,,44988.0,376.79,2023-09-22,Premium
153,Julia Collins,53.0,Female,gregorymoore@yahoo.com,Romeroburgh,105968.0,,2023-11-30,Standard
154,Anthony Carter,34.0,Female,fnelson@holloway-potts.com,Martinezton,47413.0,585.83,2023-09-20,Standard
155,Stephanie Caldwell,20.0,Other,hballard@russo.com,East Juanfurt,63459.0,35.0,2021-08-14,Premium
156,Tyrone Martin,37.0,Male,patricia49@obrien-davis.net,East Lynnmouth,84760.0,804.11,2024-10-12,Standard
157,Julian Long,,Male,jennifer00@edwards.org,Port Michael,138669.0,524.37,2020-08-02,Premium
158,Trevor Rodriguez,37.0,Male,zjohnson@glover.com,Debraton,98966.0,,2023-07-14,Premium
159,Amanda Turner,25.0,Other,marydavis@gmail.com,Sheltonstad,48955.0,532.47,2020-04-29,Basic
160,Jennifer Booth,46.0,Male,andrewmartin@hotmail.com,Vanceborough,41345.0,317.8,2024-09-21,Basic
161,Crystal Hubbard,49.0,Other,jonathan81@collins.com,Nataliebury,103732.0,479.83,2023-09-14,Basic
162,Jason Jenkins,,Female,davischarles@gmail.com,Port Jessicachester,88331.0,189.88,2021-09-15,Basic
163,Theodore Harper,28.0,Male,bbell@taylor.biz,Kleinhaven,,303.66,2022-08-19,Standard
164,Steven Romero,21.0,Female,dylan84@yahoo.com,Josemouth,81005.0,890.14,2023-03-07,Standard
165,Christian Jarvis,54.0,Male,kennethtucker@hotmail.com,North Allison,75654.0,981.37,2022-05-01,Basic
166,Amanda Hall,,Male,madisonperkins@brown.info,Michaelton,134256.0,620.13,2022-01-04,Standard
167,Rachel Robertson,29.0,Other,brightjason@harrison.com,Whitakerfurt,40514.0,800.78,2024-04-05,Premium
168,Catherine George,22.0,Male,vramirez@hall-garcia.com,Martinshire,111000.0,437.13,2021-01-04,Basic
169,Hailey Robertson,54.0,Female,ericarojas@hall.com,Shawnhaven,38262.0,105.1,2022-12-21,Premium
170,Michael Jones,39.0,Male,uhaley@frank.com,West Joe,,733.8,2022-04-26,Basic
171,Justin Lawrence,49.0,Other,wjones@payne.info,Jeffreyville,125561.0,53.32,,
172,Douglas Mccarty,21.0,Other,brianguerra@fernandez.com,West Arthurview,147220.0,354.14,2020-11-09,
173,Angela Peterson,37.0,Male,smithjennifer@williams.com,Nicholeton,,443.73,2023-11-14,Basic
174,Kristen Davidson,38.0,Female,piercedustin@gmail.com,,71894.0,370.56,2021-01-26,Premium
175,,47.0,Female,buchanancandice@dawson-cooper.com,East Courtney,43571.0,808.75,2024-08-29,Standard
176,Eric Duran,31.0,Female,wayneallen@hotmail.com,Christianland,41100.0,276.52,2025-01-03,Premium
177,Angela Summers,22.0,Female,pbowen@castaneda-cole.biz,South Paulamouth,129694.0,,2020-01-21,Premium
178,Christina Davis,51.0,Female,turnerpatricia@porter.net,Valentinefurt,33310.0,657.34,2022-03-20,Basic
179,Richard Barnes,64.0,Female,xmiller@howell.net,Port Melissa,71109.0,239.78,2021-05-07,Basic
180,Catherine Kelly,,,pglenn@yahoo.com,West Jacobmouth,45977.0,827.81,2020-04-11,Standard
181,Janice Walls,56.0,Male,patriciavincent@rivera.info,Kelseyton,145922.0,432.76,2022-10-11,Premium
182,Mr. James Moses,65.0,Female,anthony63@chambers.com,Wardburgh,101253.0,963.77,2024-06-06,Standard
183,Derrick Webb,18.0,Female,lynnsavage@yahoo.com,Port Sarahside,123449.0,632.39,2023-12-12,Standard
184,Elizabeth Chandler,53.0,Other,alyssawilliams@roberts.com,Jameschester,48396.0,433.23,2020-08-14,Premium
185,Jessica Gonzalez,65.0,Other,ysaunders@hotmail.com,South Danielside,146914.0,377.0,2023-11-21,Premium
186,,57.0,Male,martinezdawn@wells-foster.com,East Adriana,,,2020-05-26,Basic
187,Patricia Deleon,18.0,Female,jmcbride@peterson-moore.com,Pamelaside,102664.0,558.9,2023-06-27,Basic
188,Gregory Fischer,47.0,Other,aaronallen@yahoo.com,Robertville,134514.0,813.95,2021-11-04,Standard
189,,55.0,Male,melanie34@gmail.com,Robertsbury,134944.0,494.25,2023-05-26,Basic
190,Hannah Gentry,20.0,Male,,Wilsonmouth,,435.02,2020-02-15,Basic
191,Thomas Dennis,53.0,,clarkmatthew@hotmail.com,South Gregorymouth,71070.0,,2020-03-03,Premium
192,Don Thomas,,Male,orush@yahoo.com,,,341.35,2024-07-12,Standard
193,George Martinez,66.0,Other,flewis@armstrong-williams.com,South Colton,144788.0,679.56,2021-12-22,Standard
194,Barry Martinez,28.0,Other,craigpierce@allen.com,New Greggtown,91253.0,144.77,,Standard
195,Lisa Ray,,Female,lmorgan@burton-mejia.info,East Graceport,128806.0,,2022-07-03,Basic
196,Fred Barron,23.0,Other,robertbooth@gmail.com,New Victoriamouth,100312.0,400.3,2020-12-28,Basic
197,Christopher Anderson,25.0,Other,angelabutler@martin.com,South Timothy,48755.0,382.82,2024-09-05,Premium
198,Lori Butler,36.0,Male,smithtina@hotmail.com,Patriciachester,,,2021-01-28,Standard
199,Wayne Smith,40.0,Female,phillip80@yahoo.com,Patrickmouth,,954.84,2022-05-16,Basic
200,Shelly Marshall,28.0,Other,emily73@hotmail.com,New Heatherside,84723.0,563.61,2021-10-09,Standard
201,Jodi Miller,48.0,Other,,North Daniel,97687.0,364.51,,Basic
202,,47.0,Other,wconner@mckenzie-burke.com,West Bettyville,58873.0,397.56,2024-05-23,Premium
203,Kathryn Brooks,67.0,Female,njohnson@cole-lynch.com,South Alicia,149178.0,862.79,2024-12-06,Premium
204,Rodney Freeman,34.0,Male,sean99@hotmail.com,,34142.0,615.86,2023-05-11,Premium
205,Samantha Clarke,21.0,Other,xadams@lucero.com,Arthurchester,89413.0,870.01,2020-11-13,Standard
206,Kimberly Chandler,62.0,Female,reeserenee@greene.com,New Michaelview,,986.62,2021-01-14,Basic
207,Christine Lee,59.0,Female,castillosarah@stewart.com,South Sarahfort,119701.0,342.19,2020-11-27,Basic
208,Derek Ramirez,,Male,fergusonbenjamin@yahoo.com,,71387.0,348.36,2023-12-13,Standard
209,Emily Bonilla,57.0,Female,johnsonanna@hotmail.com,North Maria,55457.0,689.92,2021-06-07,Premium
210,Melissa Martinez,64.0,Female,wweaver@harper.biz,Lake Theresa,30609.0,190.99,2024-03-12,
211,Robert Castillo,66.0,Female,tchen@gmail.com,Johnberg,32926.0,800.19,2022-09-23,Basic
212,Amber Jacobson,29.0,Male,melissa07@howard.biz,Travischester,40299.0,761.11,2024-12-26,Basic
213,James Jennings,43.0,Other,lrussell@yahoo.com,Espinozahaven,100308.0,271.57,2020-07-25,Premium
214,James Lewis,64.0,Male,mcdonalddebra@hotmail.com,Tracyview,83730.0,557.94,2020-01-04,Basic
215,Christine Alexander,47.0,Male,fishersierra@lee.com,West Melissa,72910.0,677.46,2023-02-28,Basic
216,,18.0,Male,melanielivingston@mahoney.com,Josephborough,136286.0,443.83,2021-04-17,Standard
217,Martin Johnson,23.0,Female,urodgers@warren.com,Sandersstad,61064.0,229.7,2023-08-20,Standard
218,Kelly Baker,42.0,Other,nwhite@gmail.com,Lake Lawrenceburgh,137389.0,597.11,2022-09-04,Basic
219,Michelle Lewis,21.0,,thomastamara@mendoza.biz,Lisamouth,39717.0,271.58,2022-10-16,Premium
220,Amy Flores,66.0,Other,ericdickson@barnes.com,Tatehaven,115602.0,961.79,2022-02-18,Basic
221,David West,23.0,Male,brownderek@tapia.com,,114320.0,637.76,2023-09-12,Standard
222,Daniel Jennings,48.0,Female,isaac04@gmail.com,Gravesstad,128371.0,617.53,2020-05-16,Premium
223,Amy Snyder,37.0,Female,natalieowens@gmail.com,East Jessica,45104.0,713.65,,Basic
224,Mario Mclaughlin,54.0,Other,dgreen@johnson-brown.com,Blackburnhaven,118778.0,959.27,2025-01-18,Premium
225,,24.0,Female,anthonykelly@rosales-ellis.net,,53774.0,908.27,2024-09-01,Basic
226,Brenda Williams,54.0,Male,,Michaelville,131678.0,429.87,2023-08-05,Basic
227,Renee Mcdonald,57.0,Other,,East Ashley,,716.45,2020-07-04,Premium
228,Billy Roberts,33.0,Other,jjones@watkins-calhoun.com,Nancyhaven,,160.65,2021-11-09,Standard
229,Tamara Marquez,31.0,Other,bryanthomas@yahoo.com,East Mike,127593.0,846.91,2020-08-14,Standard
230,Michelle Carey,47.0,Female,ryan28@williams-parsons.com,North Johnborough,,289.11,2022-01-02,
231,Brett King,64.0,Female,alexanderjared@roth.info,,,473.96,2023-05-27,Basic
232,Billy Gray,34.0,Other,peckjessica@hotmail.com,South Andrew,128555.0,913.3,2024-11-28,Standard
233,,36.0,Other,jsmith@yahoo.com,West Tylerton,48606.0,547.21,2024-08-29,Standard
234,Melvin Lee,36.0,Male,william96@ryan-long.com,Tammyfurt,77345.0,699.75,2024-08-22,Standard
235,Krista Johnson,47.0,Male,idowns@hotmail.com,West Paul,59552.0,32.09,2023-05-05,Premium
236,Karen Phillips,21.0,Male,richardhaynes@yahoo.com,Alexanderborough,85155.0,74.73,2021-09-07,Premium
237,Melissa Baker,41.0,Male,,Mcmillanmouth,147426.0,452.14,2022-10-27,Standard
238,Benjamin Melton,68.0,Male,wilsonjames@yahoo.com,Fergusonmouth,86078.0,190.33,2020-02-12,Premium
239,Eric Jennings,31.0,,gbrewer@hotmail.com,Jacksonside,44999.0,744.07,2021-08-04,Premium
240,Matthew Flores,35.0,Male,deborah26@hill.com,Barryport,113068.0,745.76,2021-08-15,Basic
241,Jason Austin,42.0,Other,ronaldrogers@yahoo.com,Katherineville,,720.56,2023-12-20,Premium
242,Peggy Bender,56.0,Female,lewischristina@yahoo.com,Lake Juliechester,146190.0,996.93,2023-05-29,Premium
243,Rick Rivas,,Female,martinezmaria@baird-oneal.org,Lake Spencer,94081.0,307.12,2022-09-24,Standard
244,Wesley Arias,58.0,Other,jmclaughlin@sims-miller.org,West Matthew,119617.0,300.03,2021-04-11,Standard
245,Christopher Fleming,33.0,Male,saunderskevin@hotmail.com,Lake Barbaraport,108372.0,262.48,2022-03-27,Basic
246,Jessica Tucker,42.0,Other,jamesbyrd@gmail.com,Port Sandra,145884.0,317.88,2021-10-10,Basic
247,,52.0,Female,kwoods@gmail.com,New Allison,41674.0,284.43,2024-10-15,Premium
248,Christopher Smith,,Male,taragreen@gmail.com,Millerfort,,290.09,2023-01-10,Premium
249,Gregory Stevens,68.0,,moonanthony@yahoo.com,Lake Shane,55914.0,789.04,2023-01-09,
250,Cheryl Powell,70.0,Male,qcarlson@yahoo.com,North Logan,140524.0,730.76,2022-10-14,Basic
251,Robert Black III,23.0,Female,cookheidi@gmail.com,New Oliviafurt,,285.74,2021-08-15,Premium
252,George Sullivan,26.0,Other,nicolehunt@hill-cruz.com,Cassandraburgh,,436.14,2023-05-10,Basic
253,Cynthia Riggs,44.0,Female,samantha87@anderson-maldonado.org,Port Andrew,94344.0,287.92,2023-02-10,Premium
254,Mary Turner,,Female,smithmatthew@jenkins.com,Johnbury,75323.0,83.45,2020-05-13,Premium
255,Scott Koch,40.0,Male,,Huanghaven,31089.0,712.34,2022-04-16,Standard
256,Cynthia Spears,49.0,Female,,East Donna,109458.0,929.46,2023-07-25,Standard
257,William Baker,67.0,Other,saraquinn@stephens-west.com,South Laurenfort,101050.0,278.81,2023-05-11,Premium
258,Anthony Silva,69.0,Male,keith76@phillips.com,Lucasstad,121261.0,776.04,2020-09-05,Standard
259,Donald Johnson,37.0,Male,barry63@hotmail.com,Flemingland,96716.0,866.99,2023-10-29,Premium
260,Theresa Villanueva,63.0,Male,michaelmoore@yahoo.com,Carriebury,123749.0,692.93,2020-09-04,Basic
261,Catherine Deleon,28.0,Other,vclark@yahoo.com,Greenchester,73250.0,186.04,2021-10-14,Standard
262,Michael Lane,48.0,Female,stephen30@hotmail.com,East Michelestad,126949.0,216.73,2024-09-11,Basic
263,Amy Marsh,46.0,Other,wfarrell@hotmail.com,Port Karen,,,2022-12-20,Premium
264,Paul Miller,54.0,Male,zavalabrian@smith.info,Henrytown,72953.0,723.17,2023-05-19,Standard
265,Kristopher Cardenas,48.0,Male,,Marshallborough,92893.0,167.45,2023-07-07,Basic
266,Leah Miller,37.0,Other,smithmaria@brown.info,,124079.0,25.54,2022-10-31,Standard
267,Kyle Brock,35.0,Male,aliciathompson@gmail.com,North Megan,49684.0,869.33,2024-05-12,Premium
268,Brandon Thompson,70.0,Male,edward89@hotmail.com,New Pamelaland,149827.0,844.37,2024-04-11,Standard
269,Roy Brandt,50.0,Female,fpark@gmail.com,Lake Anneburgh,118893.0,81.23,2023-10-04,Basic
270,Madison Williams,48.0,Other,rebeccadavis@newman.com,North Jesseview,33861.0,26.96,2020-02-05,Basic
271,Ricky Kim,61.0,Other,erin97@torres-dudley.org,Andreastad,48997.0,811.48,2024-04-03,Premium
272,Kimberly Klein,47.0,,gaylorraine@little.net,Evanshire,116866.0,421.76,2022-06-13,Premium
273,Amber Martin,55.0,Female,bakergina@gmail.com,South Joseph,132494.0,74.95,2022-05-04,
274,Stephanie James,44.0,Male,michaelsmith@ortiz.com,Antoniohaven,149132.0,467.77,2021-09-04,Basic
275,Dorothy Banks,69.0,Male,amandahill@ward.com,Rhondabury,59940.0,568.29,2022-01-13,Basic
276,Mary Burgess,23.0,Female,,Port Scotthaven,88588.0,630.42,2023-04-06,Basic
277,Erin Powers,42.0,Male,,Sheilaborough,,618.6,2022-09-07,Premium
278,Riley Jackson,49.0,Other,garcialeslie@kennedy-grimes.com,Reedport,,480.79,2020-09-23,Basic
279,Tammy Garner,38.0,Other,ghernandez@yahoo.com,Port Jonathan,46338.0,956.35,2020-10-09,Basic
280,Amber Anderson,35.0,Female,orrderrick@hotmail.com,Veronicatown,138520.0,964.51,2024-10-25,Premium
281,Lindsay Gill,,Other,emorris@diaz.com,South Karinaton,41654.0,827.35,2022-07-12,Standard
282,Makayla Hurley,58.0,Other,anthonysmith@livingston-mcknight.com,Colemanmouth,127056.0,,2020-12-27,Standard
283,Juan Mckinney,67.0,Male,susan94@gmail.com,Jonathonside,84545.0,654.57,2024-08-21,Premium
284,Linda Shaw,33.0,Other,htrevino@cruz-garcia.com,Owensview,110465.0,743.81,2021-03-22,Premium
285,Kelly White,18.0,Other,courtney50@hotmail.com,Luisshire,116780.0,393.47,2024-09-14,Premium
286,Philip Eaton,60.0,Male,jonathanramos@hotmail.com,Patelhaven,92272.0,42.32,,Premium
287,Laura Savage,41.0,Male,garciaheather@hotmail.com,Karenfort,147196.0,446.29,2021-12-02,Standard
288,Jordan Thomas,61.0,Male,freemantina@yahoo.com,South Kevinstad,84255.0,738.52,,Basic
289,Michael Marquez,35.0,Other,dwalker@jackson.com,Harveyshire,42016.0,271.57,2021-11-23,Standard
290,Clifford Ramsey MD,61.0,Other,jacobfox@gmail.com,Stewartmouth,38505.0,580.82,2023-12-20,Standard
291,Carlos Clark,34.0,Female,alexis12@yahoo.com,Lake Maria,96060.0,708.85,2022-09-02,Premium
292,Andrew Banks,60.0,Male,xjones@roberts-johnson.com,Reneeburgh,89718.0,361.64,2020-06-21,Standard
293,Dana Lewis,40.0,Other,gallen@gmail.com,New Alison,,919.4,2022-06-03,Basic
294,,24.0,,daviswillie@long-avila.net,Lake Jenniferberg,105291.0,403.36,2022-02-25,Basic
295,,18.0,Female,heather27@douglas.com,Stephenstad,40490.0,785.76,,Basic
296,Alexander Anderson,44.0,Female,matthew12@yahoo.com,West Jonathanbury,69849.0,420.8,2024-04-10,Premium
297,Andrea Ward,63.0,Other,sowens@gmail.com,East Stephenfurt,60665.0,543.1,2022-02-10,Premium
298,John Gonzalez,68.0,Female,vbutler@harper.info,Cliffordhaven,115257.0,554.56,2021-04-06,Standard
299,Mark Gamble,38.0,Female,millssusan@gmail.com,Merrittmouth,,573.18,2021-05-11,Basic
300,Michelle Zimmerman,63.0,Other,fwaters@mosley.biz,Cortezburgh,70987.0,728.06,2022-12-18,Premium
301,Martha Scott,66.0,Female,kperez@sparks.com,Morgantown,45860.0,544.48,2023-08-26,Basic
302,Daniel Buchanan,67.0,Other,youngkevin@chambers.com,East Nicolebury,131978.0,147.23,2023-09-11,Standard
303,Brian Buck,34.0,Other,,,77437.0,,2023-09-28,Basic
304,Fred Ponce,30.0,Male,reynoldsjenny@mahoney.com,New Christopherview,48485.0,39.93,2021-10-18,Standard
305,Roy Romero,50.0,Male,bjackson@hotmail.com,New Mike,114306.0,201.9,2021-11-13,Premium
306,Cheryl Bailey,49.0,Other,austinyoung@cooper.info,Port Austin,95787.0,,2024-08-01,Standard
307,Dr. Diana Kelley DVM,49.0,Male,danielharris@gmail.com,,149585.0,48.06,2023-10-11,Standard
308,Corey Bailey,54.0,Male,lauren76@yahoo.com,West Ryan,107806.0,,2024-02-19,Standard
309,Jamie Smith,46.0,,rmullins@yahoo.com,New Karenmouth,50009.0,388.43,2022-05-07,Standard
310,Donna Schmidt,58.0,Other,efranklin@garza.org,,136365.0,233.23,2024-10-10,Basic
311,Noah Barrera,58.0,Female,turneramy@yahoo.com,Lake Laurenstad,69264.0,,2021-09-12,
312,Stephanie Davis,48.0,Female,david48@smith.com,Alvaradotown,40880.0,164.53,2024-08-11,Basic
313,Mary Ramos,27.0,Other,manueljones@yahoo.com,West Suzanne,88693.0,413.4,2020-07-25,Standard
314,Sharon Mason,55.0,Female,whitejoshua@watkins-rodriguez.net,Vaughnview,113157.0,556.97,2021-03-02,
315,Rodney Taylor,62.0,Other,rking@smith-jefferson.com,North Nicholas,44708.0,223.33,2020-10-13,Standard
316,Amanda Reynolds,29.0,Other,ublake@yahoo.com,West Stevenmouth,,439.28,2022-05-25,Basic
317,James Moore,26.0,Female,wellsseth@yahoo.com,Port Gregory,,57.17,2023-10-30,Premium
318,Emily Howard,68.0,Female,diana50@harrison.biz,Aaronbury,121689.0,967.14,2024-08-07,Standard
319,Terry Mathews,,Other,malonerobin@tucker.com,New Yvette,96984.0,,,Standard
320,Sandra Collins,34.0,Other,jennifer68@hotmail.com,South Michaelstad,66307.0,491.64,2022-03-09,Premium
321,James Estrada,19.0,Male,kayla38@gmail.com,Barnesshire,,519.49,2025-01-28,Basic
322,Peter Day,,Other,jeremygarcia@yahoo.com,North Anthonyport,131088.0,846.01,2020-09-16,Basic
323,Kristina Walls,,Female,robertmason@hotmail.com,Jenniferfurt,108850.0,587.24,2024-07-24,
324,Kenneth Barnes,36.0,Other,masonbrandi@hotmail.com,Andreaview,130464.0,431.67,2024-12-22,Premium
325,Corey Price,,Male,nasheric@hotmail.com,Lake Susanborough,,62.69,2023-06-02,Premium
326,Elizabeth Evans,,Other,harrellderek@gmail.com,Mcclurebury,125337.0,386.61,2022-09-23,Standard
327,Jeremiah Nixon,53.0,Female,meyersspencer@yahoo.com,Chaseland,85449.0,767.22,2024-03-09,Standard
328,Courtney Barker,33.0,Female,traciarnold@hotmail.com,West Kevin,70952.0,732.32,2021-04-11,Standard
329,Robin Taylor,42.0,Other,brownscott@gmail.com,Albertton,71202.0,499.58,2024-10-05,Basic
330,Megan Powell,38.0,Female,michele19@yahoo.com,,73322.0,253.91,2024-12-28,Basic
331,Brian Burns,52.0,Other,rgarcia@yahoo.com,West Georgefort,86682.0,,2020-05-18,Standard
332,Danielle Gill,,,,South Carmen,53536.0,851.83,2021-01-03,Basic
333,Sheila Brown,52.0,,michael71@gmail.com,South William,142109.0,336.92,2023-11-04,Standard
334,Allison Cannon,38.0,,vbrown@gonzalez.net,West Brittanyfort,64459.0,,2022-07-12,Premium
335,Dana Khan,,Other,mcphersonchad@galvan.com,Hardymouth,120894.0,438.43,2023-01-26,Premium
336,Edward Vance,36.0,Female,robertnewton@long.com,Jeffreyton,148307.0,910.07,2023-11-18,Standard
337,Charles Mcdaniel,38.0,Male,vcole@gmail.com,Lisabury,84496.0,,2023-09-02,Premium
338,David Rangel,,Male,stephanie49@frey.com,East Jasonfurt,74023.0,44.61,2021-09-15,Premium
339,Theresa Jones,,Male,james95@conner-smith.com,Valdezchester,59856.0,976.3,2021-03-28,Premium
340,,31.0,Other,brownandrea@yahoo.com,New Lisa,94987.0,853.45,2021-02-24,Premium
341,Nicholas Martinez,23.0,Male,lesliejohnston@weber.com,Danielshire,118243.0,312.03,2022-04-10,Premium
342,Robert Downs,51.0,Female,ariel62@rodriguez.com,Jacquelinemouth,116523.0,911.32,2020-01-13,Standard
343,Jane Shaw,21.0,Female,zmoore@franklin.biz,New Carlosmouth,68581.0,11.11,2020-06-02,Premium
344,Andrew Chan,27.0,Male,emily73@atkins.org,New Davidland,,330.82,2022-03-14,
345,Michael Bailey,,Other,victoriabuckley@miller.com,Rachelport,110901.0,23.92,2022-08-04,Premium
346,Bradley Black,31.0,Other,stephenpruitt@gmail.com,Margarettown,134776.0,753.78,,Standard
347,Justin Sims,56.0,Male,ryansalas@gmail.com,East Bryanton,52859.0,265.11,2022-03-19,Basic
348,Jennifer Rice,49.0,Male,ffigueroa@lewis-griffith.com,Gloriastad,79220.0,,2020-08-05,Standard
349,Lori Nelson,60.0,Female,hrivera@gmail.com,Williamsfort,88214.0,630.0,2023-01-12,Standard
350,Elizabeth Smith,25.0,,jessica70@yahoo.com,Joshuatown,69850.0,810.44,,Standard
351,Jonathan Ramos,37.0,Other,connie73@nelson.org,Yoderborough,104149.0,,2022-08-22,Premium
352,Joyce Lee,,Female,steven80@gmail.com,West Waynemouth,137800.0,868.35,2022-10-14,Premium
353,Rita Montgomery,,Other,brandi88@hotmail.com,Port Valerie,89444.0,63.94,2023-04-01,Premium
354,Samuel Bell,53.0,Female,tinapeterson@gmail.com,Mitchellhaven,120671.0,718.97,2023-08-20,Premium
355,Richard Walker,20.0,Other,gonzalesdiane@brooks-tucker.org,Obrienland,,659.23,2023-08-25,
356,Jennifer Prince,28.0,Other,zerickson@yahoo.com,,100276.0,,2022-04-27,Standard
357,Brian Lowe,51.0,Female,daniel89@alvarez-mckinney.com,South Johnnyside,131978.0,971.96,2020-11-04,Standard
358,Jody Robertson,21.0,Female,,New Heidichester,134045.0,345.3,2023-06-15,Basic
359,Kara Medina,,,ewarren@zhang.biz,Villarrealberg,,709.62,2021-11-18,Basic
360,Jose Finley,54.0,Other,loribanks@gmail.com,Lake Ariana,,575.28,,Premium
361,Mary Graham,69.0,Other,courtney61@rogers.com,Lake Juanland,145438.0,489.19,2023-07-13,Standard
362,Bryce Reed,20.0,Other,robert23@yahoo.com,East Nathan,120150.0,962.38,2024-05-23,Basic
363,Calvin Horton,56.0,Female,bwashington@lawrence.com,Stevefort,61286.0,84.47,2023-05-06,Basic
364,Steven Black,66.0,Other,lisa40@lopez.info,West Markhaven,57765.0,579.88,,Standard
365,Diana Glenn,48.0,Other,christopher19@hotmail.com,New Rachelside,,672.48,2024-05-05,Basic
366,Mary Lucas,48.0,Male,steven39@liu-wong.com,Torreston,114745.0,722.08,2023-12-04,Standard
367,John Brown,54.0,Female,heather69@hotmail.com,West Derrick,58197.0,821.05,2024-06-13,Standard
368,Evan Moore,65.0,Female,gonzaleshenry@gmail.com,New Lynnton,114658.0,23.23,2020-02-23,Standard
369,Sarah Atkinson,31.0,Other,johnsmith@gmail.com,East Rachelfurt,66947.0,783.08,2020-10-13,Basic
370,Adrian Booth,53.0,,ronniezuniga@quinn.org,Hernandezton,133588.0,,2020-04-13,Basic
371,Dr. Jerry Powell Jr.,59.0,Male,vroman@gmail.com,Chavezberg,117292.0,51.97,2022-10-12,Premium
372,Jacqueline Walker,22.0,Other,cesarbooth@yahoo.com,Lake Troy,78182.0,853.18,2022-07-19,Premium
373,Leslie Coleman,,,johnathan75@brooks.biz,Schmidtburgh,138562.0,616.41,2023-06-06,Standard
374,Felicia Clark,70.0,Male,elizabeth83@williams-jones.com,Joditon,105304.0,988.2,2020-05-11,Standard
375,Mrs. Angela Guerrero,46.0,Female,ugill@hotmail.com,East Anthony,,847.66,2020-08-08,Premium
376,Charles Edwards,29.0,Other,davismadison@hubbard.com,Stevenmouth,86636.0,618.61,2020-11-27,Basic
377,Joshua Rodriguez,29.0,Other,michael61@velazquez.com,East Chadfurt,129880.0,803.66,2022-08-31,Premium
378,Rick Sanchez,19.0,Male,btorres@hotmail.com,West Jenniferburgh,30118.0,107.63,2022-09-29,Premium
379,Anita Bradley,,Female,ross17@yahoo.com,Lynnton,69356.0,693.49,2020-12-29,Premium
380,Peter Hanna,43.0,Other,conwaybrenda@park.com,West Angelaview,101615.0,966.44,2023-07-04,Basic
381,Brittney Perkins,60.0,Female,chad70@miller-mccoy.com,South Michael,54189.0,,2022-12-31,Standard
382,Amanda Phillips,55.0,,,West Bonnieshire,122264.0,424.96,2022-11-05,Premium
383,Gabriel Wolf,31.0,Other,kruegersandra@johnson-gonzalez.com,Lopezfurt,35000.0,567.22,2023-09-01,Basic
384,Steven Dawson,30.0,Female,jennifershannon@roberts-martinez.com,Jenniferborough,67689.0,533.98,,Basic
385,Kayla Morgan,24.0,Male,kevincabrera@martin.net,New Mark,64670.0,539.08,2022-08-21,Standard
386,Valerie Carter,21.0,Male,hamiltonbrittany@mora.com,Lake Marcoton,111022.0,263.13,2023-03-18,Standard
387,Mackenzie Hernandez,66.0,Male,henry02@yahoo.com,South Katieborough,74181.0,950.22,2024-09-29,Standard
388,Raven Obrien,22.0,Male,vargassamuel@roach-hansen.biz,Hernandezmouth,140246.0,65.86,2020-04-12,Premium
389,Christy Meyers,55.0,Female,nriley@smith-green.com,West Thomasberg,54756.0,90.6,2021-06-18,Premium
390,Michael Peterson,62.0,Male,marytaylor@hotmail.com,Merrittville,120182.0,626.61,2020-12-19,Basic
391,Darrell Rios,36.0,Female,juanbenson@ramirez-jensen.net,Patelhaven,149804.0,979.84,2023-09-07,Premium
392,Brian Kelly,68.0,Female,samantha24@morgan.com,Lake Dustin,101862.0,617.47,2024-04-23,Premium
393,Kristine May,59.0,Female,ibutler@gmail.com,,56460.0,,2021-06-01,Standard
394,Scott Jackson,52.0,Female,mistycaldwell@bullock.net,Gonzalezfort,66352.0,311.6,2022-06-16,Basic
395,Connor Moore,63.0,Female,wreed@gmail.com,East Debraside,56318.0,,2020-01-11,Standard
396,Caleb Griffin,32.0,Other,nicole97@dyer.com,West Krystalside,96401.0,629.92,2024-04-15,Standard
397,Thomas Campbell,63.0,Male,matthewrobinson@chapman.com,West John,,167.42,2024-09-12,Premium
398,Kimberly Evans,64.0,Female,swatson@yahoo.com,East Patriciafurt,92991.0,622.82,2024-01-23,Standard
399,Ryan Jones,33.0,Other,tonymartin@ramirez-young.info,Carolshire,,535.52,2024-11-28,Basic
400,Vanessa Jenkins,24.0,Male,linda20@lutz.org,Smithfort,101189.0,,2021-12-24,
401,Richard Shaffer,38.0,Male,clarklinda@hotmail.com,Lake Rachael,104723.0,541.77,2023-03-08,Standard
402,Taylor Gardner,66.0,Other,stacy15@gmail.com,Edwardschester,98594.0,399.04,2021-06-03,Premium
403,Jason Smith,,Other,terrybenjamin@hayden.com,East Jamesville,128741.0,807.49,2022-04-06,Basic
404,Teresa Ortiz,27.0,Male,riceleonard@hotmail.com,Toddtown,127061.0,40.22,2020-01-26,Basic
405,Brandon Reyes,18.0,Male,torreskari@gmail.com,West Nicolechester,,960.89,2024-01-11,Premium
406,Brandon Padilla Jr.,30.0,Other,hansonkristie@gmail.com,Michaelport,123320.0,644.03,2021-11-21,Standard
407,Connie Bell,24.0,Female,johnsonstephanie@brown-stephens.com,Pricechester,,63.14,2024-10-28,Standard
408,Hannah Rios,57.0,Other,afernandez@garcia.biz,Lake James,84264.0,329.97,2023-11-28,Premium
409,Daniel Reese,32.0,Female,andrewmendez@castaneda.info,North Ralphton,75941.0,381.4,2020-08-30,Premium
410,Crystal Weaver,41.0,Female,ryanperry@yahoo.com,Judithside,71950.0,792.83,2022-03-20,Premium
411,Johnny Anderson,69.0,Other,arthur35@yahoo.com,South Jennifertown,87856.0,790.82,2022-11-20,Basic
412,Nicholas Glenn,28.0,Male,armstrongjudy@gmail.com,Angelaport,86786.0,560.19,2022-11-06,Basic
413,Brian Clark,69.0,Female,ashleyreyes@hotmail.com,North Manuelchester,126469.0,266.29,2022-07-19,Basic
414,Mark Mendoza MD,37.0,Male,jonathandeleon@gmail.com,Davidborough,88370.0,410.58,2020-03-09,Premium
415,Lauren Martin,54.0,Female,michael23@davis.com,West Vincenttown,139455.0,627.95,2024-02-16,Premium
416,Andrea Greer,42.0,Female,longadam@ritter-gray.info,Williamshire,136371.0,778.22,2023-02-13,Standard
417,Jacqueline Jones,38.0,Male,yortiz@hotmail.com,,37338.0,881.13,2021-06-05,Standard
418,Whitney Haynes,23.0,Male,xchen@gmail.com,Whiteville,59280.0,194.4,2023-03-21,Basic
419,Jeffery Murphy,59.0,Other,llee@yahoo.com,North Donnamouth,129697.0,486.22,2021-01-14,Premium
420,Tamara Finley,21.0,Female,belljames@crawford.com,Schneiderchester,120731.0,,2021-11-07,Basic
421,Joseph Johnson,60.0,Male,lcunningham@smith.org,North Dale,97533.0,419.03,2021-08-07,Premium
422,Sharon Singh,20.0,Male,,West Anthonytown,51127.0,454.22,2022-08-16,Basic
423,Darlene Callahan,38.0,Other,smithtiffany@yahoo.com,New Maryhaven,65006.0,137.21,2020-01-01,Standard
424,Stephanie Lee,21.0,Male,sharon07@harris.com,Lake Rebecca,71513.0,684.07,2024-05-31,Premium
425,Gabriela Lewis,53.0,,herrerajoshua@murray-foster.com,Lake Justinville,133814.0,745.05,2022-02-13,Standard
426,Amanda Sanchez,53.0,Other,villegasashley@johnson.org,New Brandontown,131405.0,762.02,2020-02-28,Standard
427,Christopher Foster,51.0,Other,braunkaren@white.com,Lake Katherinefort,64114.0,480.02,2024-03-07,Standard
428,Scott Parker,41.0,Other,andersoncourtney@king-lewis.com,Nunezbury,49152.0,311.56,2023-11-14,Premium
429,Michelle Jones,29.0,Other,charleskeith@marshall.org,Lake Heather,62447.0,337.54,2022-12-21,Premium
430,Shawn Logan,65.0,Other,sara24@nelson-rios.com,Sandraview,78847.0,191.24,2022-10-14,Premium
431,William Lee,68.0,Male,aaronjackson@yahoo.com,Charlesbury,145693.0,,2020-07-16,Standard
432,Miguel Johnson,67.0,Female,jenkinsmary@sullivan.com,North Brandonbury,42701.0,26.83,2020-09-24,Premium
433,Mark Harrison,23.0,Female,,South Josechester,33654.0,20.92,2020-11-02,Premium
434,,57.0,Male,levynatalie@yahoo.com,Hamiltonborough,30339.0,929.11,2022-03-17,Premium
435,Elizabeth Gould,23.0,Female,dnguyen@yahoo.com,Beckertown,120925.0,869.78,,Basic
436,Andrew Diaz,36.0,Other,gordoncheryl@cohen.net,North Paul,31061.0,519.72,2021-10-03,Standard
437,Susan Johnston,29.0,Other,baileyrussell@gmail.com,Donaldview,98851.0,835.06,2023-09-03,Standard
438,Leah Lopez,28.0,Male,iwilliams@yahoo.com,Lake Oscar,74342.0,841.94,2023-02-08,Basic
439,Kevin Sanchez,41.0,Other,travis48@gmail.com,East Carrie,101739.0,,,Premium
440,Corey Moore,52.0,Male,prodriguez@bell.com,,,354.54,2024-02-20,
441,Deanna Clark,,Other,sara31@hotmail.com,Port Kimberlyborough,73309.0,208.73,,Premium
442,Richard Richardson,62.0,Female,fnelson@parker.biz,Shannonstad,133624.0,114.65,2022-06-29,Premium
443,Tiffany Zavala,26.0,Other,richardheath@jenkins.org,Spencerborough,32913.0,299.39,2021-07-02,Premium
444,Cory Cooper,24.0,Other,qcosta@patel.com,Smithburgh,116882.0,793.97,2022-09-20,Basic
445,Austin Duran,25.0,Female,mackenzie16@scott-carter.biz,Barbarastad,91955.0,639.81,2020-12-11,Basic
446,James Spence,69.0,Other,amy92@yahoo.com,Adrianland,45253.0,643.37,2021-02-05,Premium
447,Amanda Dunlap,45.0,Female,christiansexton@hotmail.com,,,977.12,2024-02-08,Premium
448,David Gardner,56.0,Female,ehicks@martinez.biz,,120308.0,32.61,2020-04-29,Basic
449,Emily Gomez,53.0,Female,thomasnorris@hotmail.com,Youngview,139084.0,176.79,,Premium
450,Benjamin Payne,36.0,Male,bakerstephanie@rice.com,North Davidshire,38472.0,61.98,2020-07-13,Standard
451,Jose Le DDS,,Male,harrischad@guzman.com,Gentryfurt,,466.92,2023-12-04,Standard
452,Javier Frost,54.0,Other,johndixon@yahoo.com,Alvarezchester,113079.0,115.05,2024-05-16,Premium
453,Christina Ramirez,18.0,Male,smithtim@snyder-chen.biz,Port Dianeton,,226.82,2021-05-24,Premium
454,Kendra Bennett,41.0,Other,lindacuevas@yahoo.com,North Jeremy,127464.0,30.73,2021-11-04,Standard
455,,28.0,Male,dtaylor@miller.net,Port Shannonmouth,110904.0,210.26,2021-04-07,Standard
456,Christian Harris,27.0,Male,qfaulkner@hotmail.com,Port Gregory,107999.0,371.59,2021-01-12,Premium
457,Mark Martin,43.0,Female,wrightkelly@lewis-morton.biz,Roblesport,108176.0,26.81,2023-10-27,Premium
458,Debra Stephens,50.0,Other,lindsay92@yahoo.com,New Ricardobury,138646.0,327.67,2024-12-14,Basic
459,Edward Carroll,20.0,Female,therring@martin-allen.net,,52672.0,167.07,2022-03-10,Premium
460,Michael Holt,54.0,Other,coltonmartinez@hotmail.com,Jamesburgh,131310.0,488.32,2024-05-08,Basic
461,Tiffany White,37.0,Other,,North Jillchester,106966.0,925.34,2022-05-17,Premium
462,Lawrence Parker,63.0,Male,bfrazier@romero.net,Turnerville,76764.0,653.34,2024-11-23,Basic
463,Debra Sanders,27.0,Other,clarksean@smith.com,North Stacey,72123.0,841.87,2023-06-23,
464,Diana Osborn,,Male,elizabeth25@lee.com,,77812.0,562.04,2022-01-13,Standard
465,Jeffrey Wright,41.0,Female,kmiller@yahoo.com,South Bretttown,54049.0,230.11,2020-09-11,Standard
466,Darrell Johnson,38.0,Other,larryfrazier@moore.net,Reeseville,126332.0,55.69,2022-12-09,Premium
467,Robert Barton,35.0,Male,candaceellis@yahoo.com,Zoestad,77394.0,,2020-05-02,
468,Jared Walker,68.0,Other,zachary11@park-jones.com,South Christopherview,45430.0,107.84,2023-12-09,Basic
469,Patricia Curry,64.0,Other,andrewthompson@gmail.com,South Lisa,135927.0,399.04,2020-03-31,Premium
470,Samantha Davis,34.0,Male,munozeric@jones-lopez.org,,34125.0,574.17,2021-05-25,
471,Amanda Randall,49.0,Female,scottgriffin@yahoo.com,,,294.57,2021-12-13,Standard
472,Leah Hoover,59.0,Female,christopher19@rogers.com,Lake Jacquelinehaven,77155.0,390.95,2020-08-08,Basic
473,Patrick Logan,,Female,bmitchell@jones-mcmillan.com,Ellischester,118887.0,56.01,2022-08-08,Standard
474,John Roberts,62.0,Female,tom96@rasmussen-hartman.org,West Kevin,43435.0,160.64,2021-01-08,Premium
475,Francisco Henderson,50.0,Other,lewislindsay@guzman.info,Mannport,,589.98,2024-02-23,Standard
476,,29.0,Male,heathermckee@gmail.com,Tonyhaven,149805.0,88.28,2021-03-13,Basic
477,Johnny Jones,29.0,Female,davidwilson@gmail.com,Turnerborough,147146.0,412.43,2020-01-06,Standard
478,Robin Johnson,27.0,Male,,North Tracy,,223.39,2024-11-01,Basic
479,Carolyn Anderson,39.0,Other,pjohnson@yahoo.com,Erinmouth,102151.0,315.98,2023-12-06,Premium
480,Whitney Brown,60.0,Female,uroach@hotmail.com,Callahantown,38032.0,292.03,2022-02-11,Premium
481,David Holden,48.0,Male,williamssteven@gmail.com,South Michael,87078.0,427.41,,Basic
482,Nicholas Frederick,,Female,brenda34@gmail.com,Port Alanton,118945.0,456.04,2020-04-06,Premium
483,Aaron Adams,68.0,Other,shermanteresa@reed.net,Moyerfurt,140869.0,126.09,2021-06-20,Basic
484,Taylor Shields,43.0,Other,amyskinner@collins.com,Dianaton,,225.57,2021-04-23,Premium
485,Tracey Brown,30.0,Female,selenabrown@smith.info,Raymondberg,146230.0,939.49,2021-07-30,Premium
486,,70.0,Other,nthomas@daniels.biz,Hollytown,129894.0,,2023-10-19,Premium
487,William Gonzalez,68.0,Other,lisa54@mason.com,Gonzalesfort,111762.0,955.33,2022-11-17,Premium
488,Chelsea Cooley,20.0,Other,pvilla@hotmail.com,New Jeremy,109981.0,295.43,2024-01-18,Standard
489,Spencer Velez,,Male,qtucker@nguyen.com,Lake Jim,124222.0,983.89,2023-04-08,Premium
490,Alex Rowe,,Female,mjordan@johnson.com,Mcgeehaven,63542.0,838.42,2024-01-06,Standard
491,Stephen Walsh,50.0,Other,xpham@hotmail.com,South Michaelport,,580.86,2023-07-26,Premium
492,Andrew Barrett,59.0,,frederick21@yahoo.com,Hansonshire,133714.0,546.35,2021-07-21,Basic
493,Julie Moore,,Male,sjohnson@hotmail.com,Lewisburgh,116720.0,519.67,2020-07-18,Standard
494,Anna Schmitt,57.0,Male,michael00@melendez.com,Port Danamouth,72846.0,425.1,2023-09-20,Premium
495,Joshua Beltran,62.0,Other,william22@hotmail.com,East Robertstad,95884.0,266.13,2023-11-28,Basic
496,Patricia Gonzales,42.0,Male,gbartlett@duarte.info,West Adamport,79160.0,970.54,2024-06-13,Premium
497,Cheryl Robinson,36.0,Male,lhall@hotmail.com,East Tanya,114453.0,,2020-04-19,Basic
498,Timothy Moore,21.0,Male,daniel95@gmail.com,Port Michaelfurt,104452.0,682.33,2020-06-14,Premium
499,Mark Hanson,67.0,Female,marisa96@hotmail.com,New Omarside,56544.0,351.72,2023-10-29,Basic
500,Julie Mills,62.0,Other,mayeradam@sexton-bradley.org,South Julieview,116687.0,64.32,2021-12-11,
501,Christopher Bullock,24.0,Other,alexis12@mitchell-henson.com,East Shannon,69785.0,98.9,2021-09-28,Premium
502,Daniel Morgan,18.0,Other,devonlambert@sanchez.net,Kingbury,128005.0,386.37,2020-03-23,Premium
503,Vernon Carey,,Other,garciarobert@jenkins-reyes.com,East Dawnmouth,66904.0,218.38,2022-07-08,Premium
504,Richard Perry,40.0,Female,rebeccacarr@gmail.com,Port Tammy,100892.0,971.91,2024-02-18,Basic
505,Jacob Carroll,26.0,Female,,Port Kelly,,505.93,2022-12-27,
506,Gina Smith,,,pware@gmail.com,Heathertown,90890.0,611.45,,Basic
507,Jessica Hobbs,38.0,Other,jennifer22@bell-richardson.biz,Clarktown,94114.0,,2022-12-17,Standard
508,Rachel Vazquez,69.0,Other,gomezthomas@hotmail.com,Sanchezfurt,,623.72,2022-08-25,Standard
509,Susan Mercado,67.0,Female,catherine88@williams.com,Cruztown,45564.0,754.1,2020-08-13,Standard
510,Susan Miles,52.0,Female,veronica77@combs.com,Tapiamouth,117528.0,775.82,2020-09-27,Premium
511,Jonathon Ramos,30.0,Other,danieljackson@gmail.com,Stephenville,,488.41,2021-06-12,Standard
512,Lacey Macdonald,69.0,Female,mdelgado@mclaughlin.com,Port David,135938.0,808.79,2024-10-12,Premium
513,Samantha Simpson,,Female,wking@yahoo.com,Charlesfurt,141811.0,,2024-10-13,Standard
514,Emily Kim,63.0,Other,gabriel26@williams.com,Adamstad,82404.0,625.69,2022-01-18,Basic
515,Michelle Ray,49.0,Female,,Hansenton,45287.0,833.59,2023-12-13,Standard
516,Jose Bradshaw,30.0,Male,mariasullivan@espinoza.biz,North Richard,,857.58,2021-03-15,Basic
517,Steven Williams,60.0,Other,samantha56@smith.com,New Kathy,32977.0,591.03,2022-12-13,Basic
518,Beverly Barron,26.0,Other,sescobar@foley.org,New Robert,141778.0,920.04,2020-08-28,Standard
519,Anthony Butler,40.0,Male,njohnson@yahoo.com,,145381.0,785.89,2020-08-24,Premium
520,,39.0,Female,,Matthewsland,59052.0,872.69,2020-08-23,Premium
521,Robin Allen,38.0,Female,holly79@hotmail.com,Kathrynview,68673.0,966.17,2020-01-18,Basic
522,Andrew Welch,39.0,Female,ojohnson@haynes-taylor.info,Edwardstad,135893.0,260.35,2020-05-31,Basic
523,Samantha Dominguez,59.0,Other,lindseymorris@yahoo.com,Michaelfort,75457.0,19.1,2024-07-10,Premium
524,Heather Smith,,Male,joyceporter@rodriguez.net,Ashleyhaven,37551.0,963.97,2020-12-13,Standard
525,Samantha Mcdonald,58.0,Female,fernandezsarah@yahoo.com,Samuelshire,39876.0,837.04,2023-03-09,Basic
526,Jennifer Frazier,58.0,Other,qpalmer@hotmail.com,Travischester,123351.0,,2022-01-06,Basic
527,Donna Middleton,29.0,Male,kblackwell@hotmail.com,Port John,127741.0,613.86,2021-02-26,Standard
528,Timothy May,,Male,ethanharris@gmail.com,Lawsonborough,82671.0,679.22,2023-07-29,Basic
529,,29.0,Other,smithcharles@gmail.com,Sandramouth,108854.0,433.94,2022-12-01,Standard
530,Crystal Adams,70.0,Male,tholland@yahoo.com,Harrisonhaven,148058.0,210.48,2023-08-14,Standard
531,Elizabeth Bennett,22.0,Other,ipotter@hotmail.com,West Jennifer,100219.0,312.8,2024-07-10,Premium
532,Jennifer Griffin,48.0,Male,kelleyjames@yahoo.com,Port Lisastad,134414.0,334.83,2024-12-14,Basic
533,John Burns,28.0,Female,roblespatrick@yahoo.com,Lawrenceview,103092.0,113.45,2021-03-07,Basic
534,Timothy Anderson,19.0,Female,sabrina62@yahoo.com,,,445.03,2021-06-25,Premium
535,John Mitchell,66.0,Male,ybradley@yahoo.com,East Evelyn,143670.0,364.55,2024-06-17,Standard
536,James Jackson,35.0,Other,erikreynolds@hotmail.com,Kleinview,115574.0,51.32,2023-12-17,Premium
537,Gregory Williams,,Female,tyler62@walker-guerra.com,West Rebecca,146964.0,742.89,2020-05-17,Premium
538,Tammy Odonnell,67.0,Male,rjackson@kramer-reyes.info,North Joanne,116488.0,178.51,2020-08-28,Standard
539,Laura Johnson,54.0,Male,jonescody@hotmail.com,Vickieshire,89756.0,244.25,2020-03-14,Basic
540,Melissa Smith,23.0,Other,perezsherri@bradley-rush.org,New Jason,60590.0,,2024-01-22,Premium
541,Daniel Mahoney,53.0,Other,kristenadams@butler.net,North Jessicatown,62847.0,505.13,2021-12-14,Standard
542,,57.0,Male,xrollins@hotmail.com,Victoriafort,122139.0,239.22,2023-02-19,Premium
543,Alexander Winters,48.0,Female,schneidersandra@hotmail.com,Madisonhaven,61593.0,46.18,2023-07-23,Premium
544,Luis Wilson,60.0,Female,ladkins@gmail.com,New Donna,33614.0,554.66,,Standard
545,Steven Smith,21.0,Male,ethomas@garcia.com,Johnsonmouth,123885.0,973.27,2022-12-24,Standard
546,Kenneth Bennett,37.0,Female,jdavis@jackson.com,West Juan,132444.0,348.74,2021-07-22,Premium
547,Melissa Pratt,65.0,Female,daltonmatthew@hotmail.com,West Kelly,51855.0,693.74,2022-09-04,Premium
548,Joshua Wilson,36.0,Female,flester@hotmail.com,Murphyton,74414.0,988.99,,Premium
549,Francisco Black,,Other,llevine@yahoo.com,South Christopher,35268.0,855.73,2020-03-10,Premium
550,,44.0,Female,quinnjoshua@clark.com,Troyland,34534.0,676.05,2023-10-22,Premium
551,Jamie Ellis DDS,62.0,Female,michellecrosby@yahoo.com,Williamfurt,126391.0,660.06,2023-12-16,Basic
552,Kristie Miller,22.0,Other,martincatherine@yahoo.com,West Samuelville,122323.0,928.34,2023-03-03,Standard
553,Travis Armstrong,62.0,Female,kelsey36@hotmail.com,North Roberttown,101484.0,625.38,2024-10-26,Basic
554,Kelly Armstrong,62.0,Other,caleb30@carter.com,Juanmouth,91321.0,,2022-07-06,Basic
555,Gabriela Williams,39.0,Other,danielbennett@gmail.com,Leblancmouth,104785.0,431.17,2021-10-21,Basic
556,Virginia Webster,23.0,Other,lbaker@gmail.com,Princeberg,60467.0,289.34,2020-11-18,Basic
557,Andrea Murray,51.0,Male,matthewpacheco@yahoo.com,Timothyport,122700.0,461.53,2024-11-13,Standard
558,Wayne Weber,28.0,Female,janetwalker@hotmail.com,Port Sean,60020.0,922.8,2022-06-30,Basic
559,April Smith,58.0,Female,chelsea03@johnson-morton.com,Lindseychester,81872.0,891.45,2023-07-07,Standard
560,Michael Glover,47.0,Female,melanie66@houston-clark.com,,140238.0,430.28,2024-03-16,Standard
561,Jay Holmes,43.0,Male,pphillips@hotmail.com,Jameschester,119668.0,837.22,2020-03-06,Premium
562,Jacob Parrish,64.0,Male,valerie51@perez.com,North Cassie,50769.0,567.03,2021-09-08,Basic
563,Kayla Jones,66.0,Other,gaylynn@delgado.info,North Susan,,362.52,2022-04-08,Standard
564,Justin Davis,69.0,Other,brenda48@yahoo.com,Port Kathryn,,198.55,,Premium
565,Amanda Keller,23.0,Other,seth41@hotmail.com,,37381.0,843.95,2020-12-24,Premium
566,Mr. William Harding,56.0,Male,shaffersamantha@gmail.com,Lopezburgh,56459.0,820.44,2022-10-23,
567,Dakota Barker,56.0,Other,cleon@gmail.com,Edwinborough,81687.0,425.06,2021-08-30,Premium
568,Frank Miller,44.0,Other,codyfranco@richardson.info,Port Maria,34993.0,363.19,,
569,Carlos Morgan,23.0,Male,jessica37@bass-hudson.com,North Lindsay,,373.71,2023-12-15,Basic
570,Melinda Anderson,27.0,Male,catherine33@frey-williams.com,Stephanietown,55999.0,735.55,2022-11-03,Premium
571,Michael Brandt,21.0,Male,bpace@brown.net,West Vincent,,785.46,2023-02-05,Premium
572,William Harris,29.0,Female,uwalls@aguirre.com,Juliefurt,149039.0,75.31,2022-10-11,Basic
573,Sarah Middleton,45.0,Female,dannycalderon@gray-chambers.info,Jackiefort,147112.0,369.31,2024-07-19,Standard
574,Jermaine Myers,40.0,Other,fmurphy@hotmail.com,Lake Kaitlynstad,,62.77,2023-08-13,Basic
575,Isaac Bowman,29.0,Other,,Kimberlyhaven,132984.0,913.39,2020-08-25,Standard
576,,32.0,Female,hhawkins@hotmail.com,West Barbarabury,67686.0,434.17,2022-12-18,Standard
577,Joseph Bender,60.0,Female,echurch@barajas.com,Kellyfurt,,13.14,2023-04-21,Premium
578,Brandon Holland,29.0,Other,woodsjoshua@yahoo.com,Ashleyfort,71299.0,271.96,2021-04-19,
579,Samuel Johnson,61.0,Male,spotter@morrison.com,New Earl,,111.23,2021-04-29,Basic
580,Troy Kelly,49.0,Other,emelton@gmail.com,Edwinmouth,149249.0,456.89,2024-06-12,Standard
581,Terri Robinson,20.0,Female,alexandriamorrow@hotmail.com,,41833.0,127.73,2024-04-27,Premium
582,Brett Page,,Female,edwardhardin@hotmail.com,South Jacob,99327.0,129.03,2021-09-14,
583,Jennifer Watson,59.0,Male,kellycooper@moore.net,Patrickborough,,559.74,2024-03-17,Premium
584,Kevin Valenzuela,31.0,Other,tommyroberts@hotmail.com,Howellberg,124249.0,573.42,2021-03-26,Basic
585,Patricia Flynn,22.0,Female,tammy70@hotmail.com,Port Kennethburgh,52250.0,222.63,2020-10-07,Standard
586,Jeremy Williams,45.0,Other,kylecasey@leonard.com,North Briannaview,58780.0,604.57,2020-02-27,Standard
587,Jasmin Wallace,54.0,Female,robinsonjohn@edwards.net,Amberstad,115493.0,643.69,2023-10-03,Standard
588,Rodney Williams,27.0,Other,vwiggins@yahoo.com,New Josechester,,284.89,2023-02-08,Basic
589,Mrs. Kelli Powell,33.0,Female,uhunter@gmail.com,Port Jamie,67615.0,421.32,2020-03-29,Premium
590,Melanie Smith,65.0,Male,amymartin@hotmail.com,Kleinview,74349.0,88.25,2022-01-17,Premium
591,,63.0,Male,austin85@klein.com,New Michelle,70726.0,673.72,2024-09-17,Premium
592,Christina Smith,63.0,Male,michaelsingleton@brown.com,Williamshaven,33629.0,511.36,,Premium
593,Nicole Hayden,61.0,Other,smithwilliam@yahoo.com,East Elizabethland,38455.0,908.64,2024-10-25,Standard
594,James Manning,63.0,Other,bassryan@payne.com,Kingburgh,102190.0,,2024-10-03,Standard
595,Christine King,63.0,Male,aaron63@yahoo.com,Burnsfurt,63494.0,761.14,2021-10-11,Premium
596,Nathan Humphrey,66.0,Male,sparkswayne@yahoo.com,Lake Juanhaven,,806.99,2022-05-27,Basic
597,Tina Hendrix,66.0,Other,colemannicole@fletcher.info,Elizabethberg,119378.0,426.51,2021-07-28,Premium
598,Joshua Shaffer,65.0,,hmiller@gmail.com,Denisemouth,135056.0,,2022-09-23,Standard
599,Joshua Jones,24.0,Other,chenwesley@schultz.com,South Chadberg,140896.0,401.55,2024-04-06,Basic
600,Henry Wilson,51.0,Other,alvaradoandrea@simpson-anderson.com,West Ianchester,129861.0,,2021-07-07,Standard
601,Tabitha Rich,29.0,Other,timothyhorn@ross.com,New Davidtown,99330.0,332.22,2023-11-07,Premium
602,Catherine Wilcox,45.0,Female,rebeccasnow@watkins.com,South Kathleen,98426.0,322.92,2024-09-29,Standard
603,,30.0,Male,herrerajames@anthony.com,Lake Karenchester,126877.0,295.42,2024-04-07,Premium
604,Caitlin Moody,21.0,Female,catherine69@wright.com,Martinezmouth,135815.0,614.64,2021-03-11,Premium
605,Melinda Allen,23.0,Male,fryemicheal@barr.biz,Thompsonbury,56350.0,359.41,2020-02-15,Premium
606,Shane Davis,57.0,Other,john19@wagner.com,East Franciscochester,75982.0,814.87,2025-01-05,Standard
607,Jennifer Higgins,22.0,Other,jilliancontreras@hotmail.com,Tatechester,78578.0,709.38,2020-10-03,Premium
608,Austin Yates,29.0,Male,lmullen@gmail.com,Morrisonview,61156.0,,2023-03-18,Premium
609,Lori Moreno,,Male,tina16@richards-lucero.net,North Michele,60837.0,734.03,2023-04-29,Standard
610,Destiny Stone,23.0,Male,alopez@yahoo.com,Walkerview,58151.0,675.58,2022-10-31,Standard
611,Rodney Frazier,50.0,Other,maldonadokimberly@martin.com,North Timothyland,148481.0,54.5,2020-02-13,Basic
612,Jillian Sexton,22.0,Male,bennettgabriel@gmail.com,West Michaelfort,109416.0,416.3,2022-09-10,Standard
613,Matthew Hamilton,44.0,Male,victoriamiller@mccall.com,Haneyside,72628.0,953.3,2020-03-24,Standard
614,Ashley Brown,65.0,Other,jenniferschwartz@morrow-ray.biz,Kingchester,125125.0,,2023-01-09,Basic
615,Kimberly Small,36.0,Other,vanessalittle@west.com,South Jonathanland,86944.0,301.15,2021-07-05,Standard
616,Tiffany Morris,70.0,Male,angelaphillips@marquez.biz,,72459.0,,2021-07-06,Standard
617,Michelle Hernandez,69.0,,juliakline@brown.com,New Sheila,35352.0,443.76,2024-02-09,Standard
618,Jenna Winters,22.0,Other,catherine96@gmail.com,Staffordmouth,148026.0,384.32,2023-10-11,Basic
619,John Mccormick,37.0,Other,ingramlisa@frank-mays.net,New Cynthia,149897.0,553.23,2022-01-29,Premium
620,John Foley,66.0,,hbarr@smith-ho.com,East Jamesborough,30200.0,408.79,2022-07-06,Basic
621,Jacob Smith,59.0,Male,ddean@wilson.com,South Carol,143309.0,946.54,2022-05-13,Basic
622,Michelle Meza,60.0,Male,thompsonhenry@gmail.com,Wilsonbury,117733.0,563.99,2022-04-19,Premium
623,Matthew Tucker,,Female,derekmorrow@morris.org,Hudsonside,53008.0,463.16,2023-10-11,Premium
624,Maria White,50.0,Female,lance07@johnson-allen.info,Lake Rachel,114080.0,998.06,,Basic
625,,41.0,Female,marcus42@jones.com,East Williamchester,56958.0,524.68,2022-11-04,Premium
626,Karen Gonzales,49.0,Male,jessica35@gibbs.com,Lake David,101401.0,452.76,2023-06-11,Premium
627,Walter Wu,,Other,christyhartman@evans.biz,North Kimberly,127627.0,546.38,2020-08-05,Standard
628,Wendy Giles,62.0,Female,ethan82@cortez.biz,Wadechester,102033.0,,2020-01-21,Basic
629,Ricky Hall,30.0,Male,torresvalerie@yahoo.com,Markmouth,96264.0,,2024-04-12,Basic
630,David Butler,21.0,Male,monicaclark@gmail.com,West Melissa,68383.0,68.86,2021-03-10,Basic
631,Randall Harrison,,Other,zachary87@gmail.com,West Joe,78338.0,,2021-03-25,Premium
632,Ruth Meadows,62.0,Male,,Lake Brianborough,96623.0,759.54,2023-10-07,Basic
633,Gary Sullivan,19.0,Other,rosemitchell@hotmail.com,Sharonport,45293.0,236.56,2024-01-28,Standard
634,Virginia Miranda,53.0,Other,holmesdana@yahoo.com,Mahoneyport,54159.0,242.13,2024-04-30,Basic
635,Taylor Kim,,Male,mary40@gregory.net,Georgeborough,137688.0,611.58,2020-10-03,Basic
636,Frances Mitchell,,Other,danielbennett@jenkins-becker.com,Jamesport,72772.0,822.29,2022-08-06,Basic
637,Edward Bender,69.0,Male,wrightlisa@scott.com,Nguyenmouth,77653.0,157.5,2024-09-29,Premium
638,Andrew Mendez,39.0,,richardmccann@hotmail.com,North Stacy,100295.0,604.31,2020-01-06,Basic
639,John Brooks,48.0,Other,parkpatrick@yahoo.com,Lake Scottland,136161.0,433.13,2023-01-31,Basic
640,Rachel Holland,64.0,Female,pwolfe@yahoo.com,Moorechester,69634.0,726.02,2020-06-10,Basic
641,Gloria Stephens,36.0,Other,csmith@skinner.net,Marshallburgh,137907.0,785.65,2024-03-10,
642,Scott Young,18.0,Male,wbolton@gmail.com,New Jose,45572.0,974.36,2022-08-05,Basic
643,Chase Reed,47.0,Female,walexander@yahoo.com,Elizabethland,75337.0,268.06,2020-09-09,Standard
644,Lindsey Wallace,45.0,Male,smithrichard@andrews.net,North Kathryn,95589.0,372.74,2022-10-24,Premium
645,Erin Williams,48.0,Female,ericksonveronica@allen-martin.org,Ramirezborough,90313.0,655.62,2024-08-21,Premium
646,Daniel Fox,18.0,Other,,South Kathrynstad,103392.0,477.1,2021-12-13,Premium
647,Jason Aguilar,65.0,Female,ehoffman@yahoo.com,West Pamelashire,40375.0,88.47,2020-12-13,Premium
648,Ebony Werner,57.0,Other,lindseyjoshua@hotmail.com,North Deannaland,137788.0,461.74,2024-01-09,Basic
649,Stephanie Stewart,18.0,Other,glennkristin@gmail.com,,121859.0,483.81,2022-12-22,Basic
650,Nathaniel Jackson,38.0,Other,kingsusan@fisher.com,Elizabethport,,72.79,2022-11-20,Standard
651,Joseph Becker,37.0,Male,nicholsmichael@gmail.com,Richardshire,53832.0,223.7,2020-12-03,Basic
652,April Sanders,43.0,Male,knighttyler@gmail.com,Fishermouth,95852.0,24.33,2022-05-09,Basic
653,Joseph Jefferson,,Female,laurencobb@yahoo.com,Arellanoborough,48974.0,78.74,2023-03-17,Standard
654,Robert Collins,58.0,Male,johnsonbrandon@hotmail.com,Brianatown,121450.0,314.08,2022-12-30,Premium
655,Cassandra Bennett,37.0,Other,darrell33@hotmail.com,South Karastad,,724.39,2020-03-28,Basic
656,Vincent Franco,37.0,Female,barry71@gmail.com,Robertview,120895.0,960.92,2022-12-15,Premium
657,Ryan Nelson,54.0,Female,shannon38@glass.info,Burtonton,129147.0,70.57,2021-07-09,Basic
658,Mark Cruz,61.0,Other,nancyyates@hurley.com,Jacksonland,61533.0,673.69,2022-04-12,Basic
659,Mason Rodriguez,43.0,Female,adam24@hotmail.com,West Tonya,122065.0,656.54,,Premium
660,Timothy Carr,44.0,Male,martinnicholas@hotmail.com,Staceyfurt,112341.0,545.81,2020-01-13,Standard
661,Beth Williams,59.0,Other,elizabeth42@fritz.org,East Jonathanchester,132209.0,911.27,2022-03-14,Basic
662,Terry Duarte,,Other,ramirezmichelle@hotmail.com,,135292.0,307.9,2020-10-31,Standard
663,Cheyenne Walker,35.0,Female,ssmith@mitchell-hall.com,Lake Abigailville,148190.0,60.38,2024-11-25,Basic
664,Christopher Henry,56.0,Female,isaac81@medina.info,Port Josephfort,102235.0,24.11,2024-02-21,Premium
665,Cynthia Johnson,18.0,Other,williamsjacob@stanley-stout.com,New Zachary,146318.0,462.04,2021-10-13,Standard
666,William York,65.0,Female,,West Krista,102380.0,570.68,2020-04-15,Basic
667,Mark Allen,57.0,Male,jacobortega@clark-hayden.net,North Darleneside,110865.0,816.76,2024-11-21,Premium
668,Teresa Cruz,55.0,Other,jennifer85@yahoo.com,New Elizabethhaven,67903.0,427.11,2020-07-21,Premium
669,Taylor Crawford,69.0,Male,bbenson@hotmail.com,Charlesside,69968.0,640.06,2024-03-14,Basic
670,Nathan Booth,26.0,Female,pmartinez@stephens.com,East Ryan,78283.0,319.82,2022-01-22,Basic
671,Amy Juarez,57.0,Male,malikhampton@zimmerman-johnson.org,Hardyfurt,133787.0,120.0,2021-12-28,Premium
672,Guy Hoffman,22.0,Female,,Griffinstad,139680.0,394.03,2022-06-15,Basic
673,Christian Middleton,45.0,Other,lcruz@gmail.com,Dixonville,,474.24,2023-01-16,Basic
674,Kenneth Gonzales,38.0,Other,,North Reneeland,76772.0,433.54,2021-05-13,Premium
675,Casey Williams,28.0,Other,seanthompson@hanson.net,Martinezbury,135515.0,,2021-04-10,Premium
676,Janet Schneider,56.0,Female,herreradavid@yahoo.com,,46399.0,987.05,2022-12-31,Basic
677,,40.0,Male,srodriguez@nichols-osborn.com,Scottton,136307.0,412.01,2020-05-27,Basic
678,Daniel Romero,19.0,Female,wesleyshaw@gmail.com,Douglasport,61072.0,633.15,2022-11-22,Premium
679,Shannon Howe,48.0,Female,ballen@gmail.com,East Cassandra,58889.0,793.78,2022-04-14,Premium
680,Dr. Erika Williams,18.0,Other,andrew42@alvarado.com,North Victor,138229.0,400.55,2022-01-18,Premium
681,Lorraine Moody,,Other,erodriguez@hotmail.com,Port Thomasberg,108568.0,227.08,,Standard
682,,49.0,Other,jessicanguyen@miles.com,Reeseton,93585.0,531.41,2023-07-19,Premium
683,James Berger,,Male,tylervernon@hardy.com,Crystalside,96846.0,547.25,2022-06-13,Standard
684,Scott King,59.0,Other,oburton@gmail.com,West Michaelport,57057.0,250.47,2022-02-24,Standard
685,,18.0,Female,jonathanbrown@jones.com,West Shannonview,41890.0,307.61,2021-06-11,Standard
686,Connie Schmidt,35.0,Other,rgraves@jacobs.com,Carriebury,96517.0,202.47,2021-03-18,Premium
687,Kevin Huffman,25.0,Male,susanryan@gmail.com,West Joseph,68235.0,770.42,2022-05-07,Standard
688,David Ryan,54.0,Female,astein@smith.net,Lake Rachaelton,135495.0,368.7,2022-07-28,Premium
689,Jose Glenn,24.0,Other,lee75@yahoo.com,Saraland,60450.0,854.06,2020-09-05,Standard
690,Jessica Phillips,,Female,zachary36@yahoo.com,Timothyview,86424.0,112.93,2021-07-14,
691,Jessica Walker,67.0,Other,johnsonlaura@wright.com,South Nancyburgh,136792.0,573.59,2020-10-08,Premium
692,Marissa Tate,70.0,Female,wardmaurice@johnson.net,North Sarahburgh,93315.0,680.7,2024-11-14,Basic
693,Tim Lee,47.0,Other,david35@gmail.com,Longmouth,,783.84,,Premium
694,,61.0,Female,williamyates@hotmail.com,Jenniferbury,44702.0,884.65,2020-01-12,Premium
695,Ronald Novak,54.0,Female,jimmycrawford@wilson.info,Riggsmouth,31065.0,340.38,2024-05-14,Premium
696,Patricia Bell,45.0,Other,terrinelson@wong.info,Walkerhaven,102572.0,327.82,2021-12-07,Premium
697,Lisa Pittman,36.0,Other,hicksemily@montgomery.com,South Lauren,144354.0,845.02,2023-04-16,Premium
698,Monica Oliver,20.0,,nflowers@walsh.com,New Johnland,106097.0,905.69,2022-04-16,Basic
699,,37.0,,rebeccafrye@nelson.com,West Brittany,82943.0,,2024-08-10,Standard
700,Elizabeth Rodriguez,,Female,maxwellkaren@carrillo.com,Port Stevenshire,32641.0,,2023-12-06,Standard
701,Richard Brown,48.0,Female,christine96@brown-holden.org,Amandahaven,132303.0,459.46,2022-01-01,Standard
702,William Soto,22.0,Other,armstrongamanda@martin-harris.com,North Stephanie,63582.0,,2023-07-02,Basic
703,,,Other,daniel81@gmail.com,East Jillton,43177.0,512.67,2020-03-04,Premium
704,,,Male,xnolan@gmail.com,East James,144689.0,143.95,2023-05-01,Premium
705,,,Other,colton46@stanley.org,Justinport,99926.0,262.74,2023-09-05,Standard
706,Nicole Wilson,22.0,Female,donnataylor@yahoo.com,Joshuahaven,95188.0,955.05,2024-11-08,Standard
707,Diana Wright,30.0,Male,davidharrison@yahoo.com,Port Craig,142838.0,910.55,2024-02-07,Basic
708,Ruth West,55.0,Female,smithbrandy@taylor-gonzalez.com,North John,112281.0,708.47,2022-12-07,Standard
709,Karen Mann,,Female,arthurmorrison@richards.org,Teresafort,59231.0,127.92,2024-03-20,Premium
710,,34.0,Female,robertskinner@hotmail.com,Boyerview,135541.0,224.09,2021-01-31,Basic
711,Jenny Smith,47.0,Other,austinenglish@hotmail.com,West Robertville,41184.0,62.71,2021-09-05,Premium
712,Sharon Preston,51.0,Male,aaronbaker@gmail.com,South Michael,,458.03,2021-11-08,Standard
713,Joseph Gallegos,43.0,Female,james39@sosa.com,West Dale,,829.13,2024-10-27,Premium
714,Gina West,63.0,Male,xhenry@roberts.com,Hancockport,112476.0,18.62,2020-11-03,Standard
715,David Bell,33.0,Other,anitabird@gonzalez.com,Scottbury,42305.0,884.35,2021-07-01,Basic
716,Sheila Gibbs,21.0,Male,guzmangregory@hotmail.com,Chaseport,59161.0,308.63,2020-06-02,Standard
717,Daniel Benitez,48.0,Other,penny37@hotmail.com,Rayburgh,64627.0,,2023-12-24,Basic
718,Veronica Robinson,66.0,Other,mark36@hotmail.com,,135144.0,,,Basic
719,Robert Mcclure,,Female,kboyd@wade.org,,55369.0,454.82,2024-12-02,Standard
720,Bradley Gilmore,47.0,Female,jennifer81@gmail.com,Lake Courtneyhaven,90508.0,475.01,2021-08-17,Premium
721,Lisa Smith,68.0,Other,jennifer25@gmail.com,North Jodimouth,94864.0,138.29,2020-10-15,Standard
722,Pamela Mccoy,47.0,Female,wagneremily@schultz.biz,Richardsonland,139667.0,72.07,2020-05-08,Premium
723,Jennifer Smith,62.0,Other,tstevens@hayes.info,West Diane,144263.0,365.92,2024-07-04,Premium
724,Michael Jones,67.0,Other,,Port Paulton,112300.0,956.15,2024-02-29,Standard
725,Kelly Fernandez,69.0,Male,joshua45@yahoo.com,,,,2020-11-06,Premium
726,Kenneth Davis,47.0,Other,whitejared@miller-sanchez.org,Montoyaborough,32382.0,971.24,2021-04-15,Standard
727,Martin Green,45.0,Other,littleashley@hotmail.com,Washingtonbury,133229.0,960.55,2023-08-08,Standard
728,Leslie Hess,49.0,Female,ttran@gmail.com,Lake Jessica,,527.57,2022-05-26,Basic
729,Rodney Robinson,68.0,Male,christopherstone@yahoo.com,Hamiltonchester,148145.0,35.61,2024-04-28,
730,Phillip Jackson,37.0,Other,joseph72@yahoo.com,Port Rogerfurt,49622.0,624.51,2024-05-06,Basic
731,Matthew Adams,37.0,Female,gerald10@hotmail.com,Lake Melinda,101972.0,297.44,2023-10-03,
732,Carol Lewis,59.0,Female,brian13@ayala.org,Josephshire,33180.0,158.44,2024-06-07,Basic
733,Angela Turner,64.0,Female,kellymoore@davis.com,Brittanybury,90585.0,562.87,,Standard
734,Michael Garrett,61.0,Female,pricechristopher@hotmail.com,,146030.0,994.15,2022-09-02,Premium
735,Megan Harrell,62.0,Male,erika61@morris-owens.com,South Samantha,68511.0,,2020-11-08,Basic
736,Samuel Tate,,Female,glendazimmerman@hotmail.com,Delgadoburgh,124789.0,309.44,2021-06-15,Basic
737,Brian Johnson,68.0,Male,phillipfitzgerald@hotmail.com,Daisyfurt,52841.0,535.54,2023-10-07,Standard
738,Mckenzie Harrison,58.0,Female,pricescott@gibson.com,Wendyshire,79894.0,585.37,2020-05-25,Standard
739,Danny Taylor,55.0,Other,evelynsmith@gmail.com,New David,135784.0,120.25,2021-08-14,Basic
740,Cynthia Carr,35.0,Male,joshuafoster@thomas.com,Stevensmouth,122326.0,314.64,2023-01-08,Basic
741,Suzanne Randall,,Male,erinpatterson@white.com,South Laurie,,954.49,2021-12-09,Standard
742,Richard Morrison,19.0,Female,hrivers@hall-hill.info,Brendaside,51882.0,990.51,2024-02-29,Standard
743,,26.0,Female,koliver@yahoo.com,Port Wendyburgh,75083.0,111.4,2024-02-14,Basic
744,Molly Larsen,65.0,Male,elizabeth08@gmail.com,Stevenstad,37424.0,910.05,2023-01-29,Premium
745,Sheryl Jones,59.0,Other,joe88@castillo.com,New Ashleyview,66772.0,929.54,2024-02-10,Basic
746,Austin Petty,51.0,Female,thompsonashley@macias-ryan.biz,Daniellefurt,64608.0,484.72,,Basic
747,Vanessa Mclean,26.0,Female,ernest22@hotmail.com,Meganmouth,,540.75,2022-04-09,Standard
748,Destiny Swanson,32.0,Other,melissa03@kelley-henry.com,Phillipsfort,88800.0,997.17,2020-08-04,Basic
749,Gabrielle Anthony,24.0,Female,michael54@gmail.com,Thomasbury,145778.0,798.58,2022-12-09,Basic
750,Erin King,45.0,Male,,Singhview,,182.83,2023-11-06,Basic
751,Justin Young,60.0,Other,jamesramirez@hotmail.com,Kellyhaven,39261.0,,2021-09-23,Standard
752,Elizabeth Kennedy,68.0,Female,beth78@bennett.net,Marktown,129219.0,655.47,2020-10-24,Basic
753,Jon Santos,38.0,Other,derek38@hotmail.com,Willismouth,55855.0,336.85,2023-08-03,Premium
754,Mrs. Priscilla Hanson,63.0,Female,ymclaughlin@yahoo.com,West Stacey,42291.0,143.96,2022-06-24,Standard
755,Frank Lopez,49.0,Other,zbrown@gmail.com,Port Jonathanfort,,532.69,2024-02-04,Basic
756,Jon Vega,56.0,Female,singhjohn@macias-wade.biz,New Timothy,74020.0,,2021-05-23,Standard
757,Lisa Hudson,47.0,Male,glewis@yahoo.com,Lake Robertmouth,37320.0,608.2,2023-12-27,Basic
758,Matthew Gallagher,60.0,Other,walkermark@chapman-daniels.com,Schmidtville,102973.0,504.32,2020-08-13,Basic
759,Christina Gardner,,Other,myersgerald@hayes-le.org,West April,79869.0,457.38,,Basic
760,Alexandra Montgomery,,Other,mercedesmartin@richardson-noble.com,East Daniel,43463.0,846.27,2023-09-12,Premium
761,William Duncan,33.0,Male,amy19@gmail.com,South Lisa,61741.0,993.27,2020-05-23,Basic
762,Sarah Peterson,48.0,Female,cooperdouglas@yahoo.com,Lake Brookeshire,144419.0,160.72,2020-01-23,Premium
763,Cathy Anderson,25.0,Other,millerdanielle@evans.com,New Kristina,149396.0,736.3,2022-02-10,Standard
764,Isaiah Wilson,18.0,Female,keithdelgado@hotmail.com,New Hunterport,71464.0,999.03,2023-07-06,Standard
765,Tara Bautista,47.0,Female,jasonparker@mahoney.info,Port Lisamouth,66933.0,936.42,2021-08-31,Premium
766,Dr. Angela Chapman,61.0,Male,tracey67@yahoo.com,,103350.0,902.64,2023-11-13,Premium
767,Isaiah Richard,58.0,Male,nunezjulia@hotmail.com,Bentonton,,394.78,2022-08-06,Standard
768,Rachel Welch,68.0,,deborah90@gmail.com,North Anthony,134593.0,284.72,2021-12-24,Basic
769,James Perez,32.0,Female,tammy05@davidson.com,Port Angela,71382.0,728.94,2023-10-19,Basic
770,Jeffrey Flores,70.0,Other,benjamin14@yahoo.com,,34523.0,86.19,2020-04-22,Premium
771,Mr. Christopher Freeman,49.0,Male,jordanthompson@price-yang.com,Shawhaven,33075.0,994.9,2020-10-07,Premium
772,Raven Ross,43.0,Other,jasmine02@gmail.com,Janiceton,139607.0,826.73,2022-12-18,Basic
773,Mr. John Williams,,Other,kyle41@carter.com,Johntown,61636.0,551.18,2021-10-22,Basic
774,Becky Roy,19.0,Female,jenniferfisher@gmail.com,New Davidshire,134135.0,937.82,2025-01-28,Premium
775,Morgan Dixon,20.0,Male,,Ryanview,135382.0,412.36,2024-10-03,Premium
776,Shawn Fisher,18.0,Female,robertlewis@hotmail.com,Williamsview,122283.0,687.95,2024-04-04,
777,Scott White,26.0,Female,zheath@hotmail.com,Danielmouth,35235.0,757.58,2022-09-10,Basic
778,Elizabeth Hernandez,52.0,Other,ycastillo@holmes-alexander.com,,130922.0,674.42,2024-01-05,Standard
779,Casey Sanders,22.0,Female,zryan@lam.com,,137052.0,898.67,2020-09-22,Premium
780,Thomas Herrera,,Male,cmoore@perez.com,Smithfort,95278.0,650.08,2020-01-23,Premium
781,Dr. Angel Torres,58.0,Female,caseyshane@miller.org,Angelaview,144299.0,186.43,2021-07-07,Standard
782,Gerald Wade,59.0,Male,paulpierce@hotmail.com,Juarezland,76892.0,306.6,2021-11-28,Basic
783,Trevor Sullivan,21.0,Female,melvinjohnson@yahoo.com,Owensstad,102215.0,900.07,2022-01-16,Premium
784,Joseph Herring,69.0,Male,millermaria@turner.info,Jonathanhaven,111183.0,337.15,2024-09-18,Standard
785,Mark Beck,24.0,Female,sgonzales@hotmail.com,South Josephstad,,375.81,,Basic
786,William Johnson,,Female,bbarton@watts-freeman.net,Jeffreyville,74114.0,548.41,2021-07-02,Premium
787,Christopher Henry,50.0,Other,romeroashley@campbell.com,Shortville,79648.0,139.82,2020-02-08,Standard
788,Heather Mora,20.0,Female,anthonygraves@fields.com,Montesbury,119032.0,386.78,2021-01-05,Standard
789,Joshua Crawford,38.0,Female,solissusan@clark.com,Danielston,56999.0,40.09,2020-06-03,Basic
790,Timothy Horn,29.0,Other,tyoung@yahoo.com,North Jose,76396.0,153.18,2023-08-17,Premium
791,Andrew Glover,41.0,Other,matthew96@gmail.com,Kevinmouth,81183.0,456.55,2021-10-13,Basic
792,Michael Ramirez,66.0,Other,hperez@gmail.com,Timothychester,149475.0,772.89,2023-03-20,Basic
793,Elizabeth Wheeler,44.0,Male,sherry07@schultz.com,,123404.0,286.47,2023-12-16,Basic
794,Regina Oconnell,45.0,Male,zspencer@hotmail.com,Lisamouth,81682.0,,2025-01-07,Basic
795,Mark Lopez,46.0,Female,,,134461.0,616.11,2022-10-17,Basic
796,Emily Matthews,28.0,Other,xrichard@gmail.com,West Olivia,59403.0,73.0,,Standard
797,Justin Ortiz,58.0,,michael22@gmail.com,Prestonmouth,123920.0,840.55,2024-04-10,Standard
798,Kevin Small,61.0,Female,amandajones@anderson.com,Port Jimmyberg,55182.0,439.77,2024-11-18,Basic
799,Todd Gibbs,56.0,Male,eduffy@green.com,East Kelsey,,726.09,2023-06-17,Premium
800,Corey Gonzalez,,Other,montgomerysamantha@hotmail.com,East Richardborough,113364.0,641.41,2022-06-13,Premium
801,,28.0,Male,zmcdonald@hotmail.com,Stevenburgh,140831.0,272.52,2024-03-12,Premium
802,Teresa Manning,70.0,Male,,Phillipstown,48192.0,559.01,2023-12-01,Standard
803,Anita Miller,41.0,Other,joanne75@hotmail.com,South Timothy,,568.45,2023-07-05,Premium
804,Wesley Scott,54.0,Female,allisonmitchell@hughes.net,East Mary,59254.0,71.57,2023-09-05,Basic
805,Katherine Thomas,58.0,Male,deborah09@wright-hughes.org,Port Jacob,110677.0,746.43,2021-09-04,Premium
806,Jackie Marsh,,Other,pgarcia@daniel.info,Lake Mariemouth,69291.0,113.3,2024-12-04,Standard
807,Mike Keller,56.0,Male,amystokes@hotmail.com,East Karina,127087.0,127.02,2024-12-25,Standard
808,Maria Ford,40.0,Male,erin32@todd.com,Daltonburgh,86966.0,954.23,2021-08-05,Standard
809,Mr. Aaron Moore,29.0,Other,bradleymaria@knight.com,Boylechester,64693.0,417.31,2024-05-22,Standard
810,Daniel Nicholson,65.0,Female,jessicalong@yahoo.com,Jessicaland,87337.0,794.39,,Basic
811,Scott Evans,28.0,Male,andrea87@lopez.com,South Larrymouth,104982.0,230.95,,Basic
812,Kevin Sutton,27.0,Male,patricia85@gmail.com,Arielport,145661.0,,2022-04-26,Standard
813,Ricardo Beck,,Male,meltonheidi@gmail.com,Lake Cliffordland,71920.0,926.79,2020-12-13,Premium
814,Andrew Velasquez,61.0,Female,mbryan@torres-leach.com,Ramirezshire,,831.57,2020-01-18,Premium
815,Chris Castro,46.0,Female,gwoods@francis.com,Isaacchester,92697.0,607.79,2023-03-01,Premium
816,Michael Vega,55.0,Other,gregory57@carter-underwood.net,West Amandachester,89874.0,336.97,2024-10-27,Basic
817,Danielle Kennedy,,Female,andrewhernandez@thomas.com,Hansonburgh,121350.0,126.21,2024-07-04,Standard
818,Misty Chavez,28.0,Other,camerondebra@krueger.net,Lindabury,,491.39,2023-06-13,Standard
819,John Donaldson,50.0,Other,thomashaney@moore-smith.com,New Natalieport,104403.0,,2023-06-10,Basic
820,Brandon Meyers,47.0,Male,johnnydominguez@yahoo.com,,76731.0,791.99,2023-08-24,Standard
821,Brenda Haley,36.0,Male,zwalsh@gmail.com,Port Michaelberg,99011.0,110.8,2022-01-27,Basic
822,Rhonda Meyer,59.0,Female,alexandrasanders@gmail.com,North April,59449.0,735.37,2021-12-02,Standard
823,John Burns,42.0,Female,dhall@kent-nguyen.com,Lake Barbara,94967.0,,2022-09-17,Standard
824,Susan Williams,,Female,vzavala@ramirez-morton.com,Caseyview,111219.0,616.64,2020-09-10,Basic
825,Trevor Fischer,31.0,Male,tonycollins@hudson.com,New Andrea,,904.14,2021-10-22,Basic
826,Samuel Moore,41.0,Male,jparker@gmail.com,Lake Austinshire,79248.0,31.29,,Premium
827,Lisa Harvey,35.0,,thomasfoster@wright.biz,Bethville,,,2024-06-14,Basic
828,Anthony White,19.0,Other,matthewhughes@hotmail.com,Andrewstad,57708.0,610.57,2023-12-27,Premium
829,Robert Powell,26.0,Other,summersandrea@hotmail.com,Smithmouth,84023.0,368.56,2021-02-01,Standard
830,Justin Roach,32.0,Other,uwillis@hatfield-greene.com,Cindyshire,116150.0,332.48,2023-08-28,Basic
831,Kevin Hayes,37.0,Other,kevin12@miller.com,East Kristinachester,82476.0,543.87,2025-01-11,Standard
832,William Williams,32.0,Female,brianmaddox@jordan.com,Lisaland,107246.0,356.21,2023-01-17,Premium
833,Jack Todd,33.0,Male,nhubbard@yahoo.com,North Jennifer,133997.0,866.34,2021-08-12,Premium
834,Stephanie Hubbard,59.0,Male,xchavez@church.com,Taylorfurt,35885.0,449.63,2022-10-20,Basic
835,Jessica Lewis,,,cynthiajones@bradford.com,Jennifermouth,79613.0,721.89,2021-07-17,Basic
836,Yolanda Shannon,29.0,Female,mjohnson@yahoo.com,Kathleentown,142378.0,972.5,2023-01-20,Premium
837,Victor Sanchez,30.0,Other,marcyoder@rodriguez-salinas.com,Lauriebury,69004.0,151.24,2021-06-25,Standard
838,Tammy Lopez,59.0,Female,sandra73@watts-rodriguez.org,South Patriciaside,32013.0,23.66,2021-12-03,Premium
839,Cody Miller,55.0,Other,bashley@yahoo.com,Petersonport,64872.0,987.23,2022-11-13,Basic
840,Evelyn Jimenez,21.0,Male,wpayne@campbell.info,New Ian,54137.0,343.3,2024-04-13,Standard
841,Jason Sloan,37.0,,dawnhensley@gmail.com,Snyderbury,73207.0,450.78,2020-12-17,Basic
842,Ian Scott,69.0,Male,pamela97@davis.com,Lake Davidborough,62103.0,134.29,2024-05-19,Premium
843,Martin Dillon,37.0,Female,justinbryant@hotmail.com,Morseburgh,64656.0,265.49,,Basic
844,Daniel Zimmerman,36.0,Other,chandlerjoseph@cisneros-hernandez.info,New Jacquelineburgh,47898.0,265.99,2021-09-20,Basic
845,Teresa Thomas,34.0,Female,,North Andrewchester,145804.0,844.42,2023-02-20,Basic
846,Elizabeth Hicks,33.0,Female,robinsondavid@harris.com,Lake Jasonstad,46512.0,700.65,2024-05-05,Basic
847,Donald Anderson,40.0,Other,jrichard@martin.com,Lake Greggberg,86527.0,283.33,2023-01-04,Premium
848,George Herman,49.0,Other,reedamber@hotmail.com,Daltonton,47503.0,920.18,2022-04-30,Basic
849,Matthew Clark,19.0,Male,oestrada@yahoo.com,Perryside,82605.0,,2023-09-15,Basic
850,Kevin Shelton,63.0,Male,braylori@yahoo.com,Krystalville,59072.0,624.86,2020-11-05,Premium
851,Susan Hernandez,31.0,Other,benjamin85@perez.org,Carpentermouth,89363.0,858.72,2023-07-05,Standard
852,Nicholas Gaines,23.0,Female,eprice@hotmail.com,Angelaport,118221.0,,2020-11-03,Standard
853,Leslie Wall,43.0,Other,zwheeler@george.com,Beanton,126515.0,,2022-07-13,Basic
854,Brian Cooke,25.0,,paul53@gmail.com,West Samantha,62086.0,318.29,2023-08-17,Basic
855,Robin Hampton,51.0,Other,abell@gmail.com,South Ryan,108163.0,228.01,2020-03-20,Standard
856,Rachel Wolf,64.0,Other,edoyle@gmail.com,Jessicaville,57487.0,996.39,,Basic
857,Elizabeth Key,20.0,Male,michaelmartinez@tran-schneider.com,Matthewmouth,75322.0,261.06,2020-07-04,Standard
858,Juan Reyes,64.0,Male,ydavis@lindsey.com,,,169.21,2022-10-23,Premium
859,Brenda Long,33.0,Male,patricia97@gmail.com,Glennmouth,120069.0,595.65,2020-01-19,Premium
860,Michael Wood,18.0,Female,gregory25@barnes.com,Sanchezside,34903.0,133.79,2023-07-06,Premium
861,Jesse Mcmahon,55.0,Female,samanthalong@hotmail.com,Russellland,128988.0,414.06,2021-10-22,Premium
862,Jeremiah Sanders,64.0,Female,eatonjessica@yahoo.com,Freemanchester,91143.0,,2022-06-28,Basic
863,Laura Holloway,41.0,Other,allisonsteven@hotmail.com,East Timothy,109890.0,69.05,2020-12-06,Standard
864,Douglas Olson,61.0,Male,kelly89@doyle.com,Cookville,77720.0,263.28,2023-09-27,Standard
865,Judith Chandler,,Male,jchung@gmail.com,Suttonmouth,39971.0,627.92,2023-02-25,Basic
866,Kristina Reed,28.0,Other,david08@yahoo.com,Lake Nicholaston,57653.0,574.33,2022-08-07,Basic
867,Don Cox,,,briannelson@hotmail.com,Jonesburgh,,669.42,2022-11-30,Standard
868,Michelle Ramos,38.0,Female,youngkimberly@hotmail.com,Johnfurt,86454.0,56.66,,Premium
869,,65.0,Female,vphillips@hotmail.com,East Andreaport,138809.0,988.4,2023-08-23,Premium
870,Nancy Solis,24.0,Male,sara68@yahoo.com,Smithburgh,112595.0,819.42,2023-05-14,Premium
871,Patricia Velazquez,32.0,Other,macdonaldpamela@stephens.com,Mitchellburgh,76988.0,369.87,2022-08-02,Premium
872,Joseph Brock,60.0,Female,crystaldavis@hotmail.com,West Amandaton,34024.0,517.56,2020-08-21,Standard
873,Lori Martinez,21.0,Female,amy68@hotmail.com,Patelland,118122.0,,2023-11-01,Basic
874,Trevor Pruitt,65.0,Other,johnsondean@gmail.com,Lake Melanie,143553.0,52.06,2020-07-09,Basic
875,Shari Clark,44.0,Male,sandovaljacqueline@hotmail.com,Port Paulland,129887.0,64.83,2024-03-08,Premium
876,Martin Henry,24.0,Other,nicholasholt@oneal-turner.net,West Russellhaven,123386.0,775.3,2021-12-05,Premium
877,Sarah Rivers,30.0,Other,sandersjonathan@williams-jordan.net,East Joel,138381.0,183.74,2023-12-12,
878,David Morgan,38.0,Female,vickie40@gmail.com,Lake Emmastad,33764.0,484.99,2024-01-08,Standard
879,Jamie Serrano,55.0,Female,carlosjuarez@gmail.com,West Ronaldmouth,70978.0,207.56,2024-08-23,Premium
880,,,Other,jenniferlittle@yahoo.com,Barkerborough,,850.23,2021-10-15,Basic
881,Angie Mcdonald,41.0,Male,sjones@davenport-morales.info,West Kristy,143323.0,688.19,2023-11-25,Standard
882,Steven Brown,20.0,Other,jonperez@yahoo.com,Lake Emily,111051.0,38.99,2024-10-03,Standard
883,James Jones,32.0,Other,vrangel@yahoo.com,North Craig,61057.0,530.55,2020-07-19,Basic
884,Olivia Cox,22.0,Other,james91@yahoo.com,New Christopherview,113278.0,959.97,,Premium
885,Emily Baird,66.0,Male,brian16@sanford.org,,108031.0,538.91,2023-06-17,Standard
886,Jeremy Bradley,20.0,Female,diazrobert@hotmail.com,Samanthashire,70606.0,629.82,2022-05-01,Premium
887,Cheryl Ortiz,62.0,Other,flindsey@yahoo.com,North Josephfurt,43968.0,631.3,2024-03-27,Premium
888,Elizabeth Spencer,20.0,Male,zmoss@hotmail.com,Lake Jennifer,116419.0,799.0,2021-12-16,Standard
889,Juan Guzman,45.0,,cquinn@hernandez.com,North Robert,63926.0,888.71,2023-01-11,Basic
890,Krystal Williams,32.0,Female,alandennis@torres.com,Carlsonside,117073.0,644.7,2023-06-07,Premium
891,,20.0,Other,carrchristina@yahoo.com,Lake Lawrence,30157.0,322.43,2023-09-30,
892,Denise Garrett,31.0,Other,smithkeith@sherman-turner.net,South Jennifer,39399.0,335.54,2024-12-26,Premium
893,Michelle Obrien,28.0,Other,hmurray@gmail.com,Lake Marymouth,35968.0,247.81,2020-12-26,Basic
894,Jacob Campbell,22.0,Male,amber90@yahoo.com,Wrightmouth,,220.03,2022-10-22,Premium
895,Frank Reynolds MD,52.0,Other,sergio18@franklin.com,Lake Nicoleberg,66899.0,109.34,2020-10-30,Premium
896,Chase Blair,18.0,Male,jennifer34@fitzpatrick-combs.com,Espinozatown,62960.0,682.79,2020-12-16,Premium
897,Mark Lynn,27.0,Male,melissamcdonald@fletcher.com,,73430.0,571.32,2021-08-12,Standard
898,Joshua Smith,55.0,Other,rogerskendra@coleman.net,Haletown,,672.27,2020-11-13,Premium
899,Tammy Yates,24.0,Other,martinezrobert@yahoo.com,Rosshaven,101839.0,781.68,2021-12-24,Premium
900,Megan Murphy,55.0,Other,daniel66@yahoo.com,Millerstad,87340.0,994.68,2020-07-05,Standard
901,Scott Shepard,23.0,Female,wsmith@gmail.com,East Jasonstad,121177.0,,2020-06-07,Basic
902,Dean Bolton,55.0,Other,andre92@gmail.com,North Dylan,120334.0,388.01,2024-12-29,Standard
903,Edward Peters,52.0,Other,ramseywilliam@french-clarke.net,Olsonland,146938.0,632.07,2022-05-17,Basic
904,Brent Morris,40.0,Female,littleraymond@hotmail.com,North Paulville,64534.0,40.88,2021-12-20,Standard
905,Cassandra Wolfe,66.0,,,Port Nataliebury,116545.0,607.17,2024-08-14,Standard
906,John Walker,49.0,Other,flopez@gmail.com,Martinville,54414.0,533.67,,Basic
907,Tina Chaney,25.0,Other,lprice@martinez-smith.org,Andrewsfurt,118990.0,685.12,2022-04-09,Premium
908,Rebecca Conner,,Other,jasonwilliams@hotmail.com,Port Georgemouth,148896.0,97.09,2021-09-27,Standard
909,Courtney Adams,33.0,Other,petersonmegan@gmail.com,Morganborough,113373.0,,2024-09-18,Premium
910,Melissa Marshall,49.0,Other,jill31@aguirre.com,Williamsfurt,110965.0,,2022-04-22,Premium
911,Mark Johnson,51.0,,roberthunter@gmail.com,East Christopher,39506.0,276.23,2023-07-04,Basic
912,Cynthia Williams,22.0,Female,whitejames@gmail.com,Watsonland,38619.0,983.84,2020-02-28,Standard
913,Michelle Taylor,,,pearsonamber@yahoo.com,Christophermouth,122006.0,72.67,2021-01-29,Standard
914,Anthony Marquez,65.0,Male,dobrien@gmail.com,East Tina,,840.0,2023-08-19,Premium
915,Teresa Mcguire,49.0,Male,myersmark@gmail.com,East Josephmouth,149946.0,293.86,2024-02-25,Standard
916,James Woods,25.0,Male,georgemack@boyer-jenkins.biz,Hamiltonhaven,87802.0,265.41,2024-04-22,Standard
917,,49.0,Male,,Cathyville,46997.0,,2022-11-06,Premium
918,Christopher Price,64.0,Male,canderson@hicks.info,Brandonhaven,60472.0,578.87,,Premium
919,Kevin Trujillo,18.0,Other,hartpamela@ortiz.info,Gonzalezhaven,117988.0,862.48,2020-12-04,Basic
920,Michael Davis,61.0,Female,robert84@ingram-roy.org,Lake Matthew,109385.0,734.07,2023-09-20,Basic
921,Sarah Thompson,52.0,Other,drose@johnson.com,North Karenburgh,71643.0,603.74,2020-08-19,Standard
922,Robin Mayo,36.0,Other,jgoodwin@hotmail.com,North Anita,122087.0,359.19,2022-07-16,Premium
923,Ryan Cochran,23.0,Female,jenniferlee@gmail.com,South Regina,95988.0,610.99,2024-04-29,Basic
924,Dr. Robin Kennedy,60.0,Other,paynejohn@hotmail.com,East Laurenfurt,109348.0,936.86,2020-02-05,
925,Jacqueline Wilson,41.0,Female,oneilltimothy@simpson.biz,Schwartzborough,148399.0,716.07,2023-09-28,Premium
926,Dawn Fuller,41.0,Female,katherinewilliams@williams.org,Sarahburgh,138900.0,467.07,2022-01-09,Standard
927,Robert Eaton,18.0,Other,stephanieward@burke-gallagher.com,Lindseyburgh,145613.0,143.3,2023-01-02,Premium
928,Carolyn Perez,38.0,Other,timothycurtis@gmail.com,West Susanville,,271.41,2022-01-11,Premium
929,Mark White,26.0,Male,boydana@gmail.com,South Sandraburgh,54320.0,,2023-04-03,Standard
930,Benjamin Mitchell,36.0,Other,amandaalexander@moore.com,Lake Kathryn,47982.0,139.62,2025-01-16,
931,Wendy Jones,32.0,Female,karenjackson@thompson-russell.com,Kimberlyburgh,100042.0,742.86,2024-12-18,Basic
932,Patricia Davis,57.0,Other,masseyashley@lee.biz,New Jennifer,,374.64,2022-11-01,Standard
933,Kevin Moore,47.0,Female,lisa98@yahoo.com,Taylorview,88047.0,764.64,2024-12-31,Standard
934,Michael Williams,51.0,Male,kyle71@gmail.com,West Cheryl,83912.0,851.9,2024-10-01,Basic
935,Andrew Miller,19.0,Other,gentryrobert@lewis.com,Rayberg,115224.0,872.11,2022-04-28,Premium
936,Catherine Norman,20.0,Female,robertlittle@noble-mcdaniel.biz,Ashleyborough,44742.0,389.78,,Premium
937,,65.0,Female,ana47@yahoo.com,Youngview,77778.0,,2022-12-01,Standard
938,Jessica Berg,45.0,Male,dwilliams@gmail.com,South Connorfort,43088.0,942.94,2024-12-18,Premium
939,Mary Tate,53.0,Female,pamelaevans@hotmail.com,Michaelfort,136654.0,470.85,2023-09-15,Standard
940,Kelli Serrano,42.0,Female,ashley18@yahoo.com,Janeside,133684.0,138.4,2022-06-21,Premium
941,James Hawkins,,Other,lbrown@yahoo.com,Victoriaburgh,66087.0,285.52,2020-02-12,Basic
942,Jill Wagner,30.0,Male,rileykenneth@hotmail.com,South Ericamouth,135663.0,196.13,2021-08-07,
943,Raymond Stephens,,Female,frankjohnson@yahoo.com,East Michelle,141089.0,445.34,2020-04-02,Basic
944,Ariana Martin,50.0,,sandra28@hotmail.com,South Lynnville,35026.0,417.54,2023-01-19,Standard
945,Walter Brown,46.0,Male,kmcconnell@hotmail.com,New Toddbury,126880.0,210.83,2024-05-01,Basic
946,Ashley Bell,55.0,Other,clarketimothy@hotmail.com,,142426.0,801.64,2024-04-28,Premium
947,Jessica Spence,18.0,Female,tbrown@yahoo.com,Markstad,34082.0,861.65,2021-04-27,Premium
948,,69.0,Female,elizabeth90@gmail.com,Mosleyside,85545.0,538.79,2025-01-08,Standard
949,James Newman,,Other,rebecca87@medina.com,Jamesview,52816.0,196.48,2021-12-02,Basic
950,Andrew Thornton,35.0,Other,christopher98@hotmail.com,North Tammy,83885.0,641.35,2023-04-23,Standard
951,Steven Reed,51.0,Other,wadepaul@may.biz,Donnamouth,73784.0,352.33,2024-05-07,Standard
952,Victoria Yang,54.0,Male,cbrown@yahoo.com,Martinburgh,68104.0,869.38,,Premium
953,,21.0,Other,douglasvillarreal@barker.com,Barnettburgh,95092.0,995.99,2024-12-05,Standard
954,Mark Small,65.0,Female,heatherjohnson@lopez.info,Jenniferland,124963.0,649.58,2023-10-18,Premium
955,Ricardo Williams,18.0,Female,taylortroy@smith.net,Peterton,121464.0,374.71,2024-05-10,Basic
956,Christine Price,65.0,Other,anorris@hotmail.com,North Michaelview,54471.0,847.55,2024-04-18,Standard
957,Wayne Williams,67.0,Female,drussell@robinson.com,Brownchester,66409.0,417.09,2022-11-29,Basic
958,Nicholas Foster,,Other,williamssarah@wells.biz,East Sabrina,45876.0,84.21,2021-07-12,Premium
959,Bradley Rodriguez,43.0,,aaron49@yahoo.com,Cortezside,36696.0,638.96,2020-12-06,Basic
960,Amanda Hunter,51.0,Other,audrey52@holt-brown.com,Robertview,67039.0,650.62,2021-06-06,Basic
961,Michael Perez,65.0,Female,walkercarol@yahoo.com,Rodriguezland,55318.0,89.73,,Basic
962,Jesse Walker,,Female,michelleedwards@scott.info,Port Zacharyview,71450.0,620.55,,Premium
963,,42.0,Male,christine79@hotmail.com,Jeffreyshire,35585.0,175.01,2022-10-25,Standard
964,Jessica Wilson,,Male,rlevine@hotmail.com,Kerryville,44602.0,509.94,2021-11-16,Basic
965,Lauren Navarro,65.0,Male,lindaramos@hotmail.com,South Kellytown,,839.47,2020-08-06,Basic
966,Barbara Ford,,Female,shannon75@green.info,Robertsberg,,801.55,2024-02-28,
967,Chloe Collins,29.0,Other,mjohnson@gmail.com,East Shirleytown,112991.0,11.54,2020-08-01,Standard
968,Kimberly May,61.0,Male,sarahdawson@morrison.net,Michaelburgh,149730.0,31.56,2024-11-01,Basic
969,Jillian Davis,49.0,Other,allen33@yahoo.com,Weavermouth,117032.0,,2021-05-20,Premium
970,Rachel Huerta,38.0,Other,craigjimenez@ferrell.biz,Browntown,,877.09,2022-08-01,Standard
971,Laura Johnson,64.0,Female,erica38@hotmail.com,Lake Robinberg,41859.0,117.45,2021-01-27,Basic
972,Grace Cooper,38.0,Female,matthewboyle@lopez.com,Carlsonshire,133347.0,,2023-03-19,Standard
973,Eric Barnes,52.0,Other,john90@yahoo.com,West Stephanieshire,50709.0,978.01,2024-01-04,Basic
974,Christopher Baldwin,56.0,Male,paigewalton@allen.com,Mikaylafort,118423.0,840.45,2022-06-16,Standard
975,Matthew Francis,19.0,Other,,Yangville,125063.0,634.55,2023-07-18,Standard
976,Justin Jackson,61.0,Male,ruizjohn@hotmail.com,West Kevin,58936.0,404.0,2023-01-11,Basic
977,Douglas Bautista,63.0,Female,,Ashleyport,56140.0,840.38,2020-03-22,Basic
978,Jonathan Beck,64.0,Other,heatherellison@bailey.biz,Lake Nicholeside,141675.0,,2022-12-13,Basic
979,Rhonda Smith,42.0,Male,aaron75@gmail.com,Matthewshire,,,2023-12-08,Basic
980,Christina Perkins,52.0,Female,ambermckenzie@hotmail.com,Karenstad,135040.0,390.4,2020-06-27,Basic
981,Paula Howard,66.0,Female,bryan56@guerra-molina.com,Reynoldsburgh,,,2023-08-08,Standard
982,Michael Mcbride,22.0,Female,joelunderwood@hotmail.com,Millerview,77535.0,212.37,2024-07-12,Basic
983,Christine Harrington,34.0,Other,taylortucker@lawson.com,Lake Aaronmouth,105342.0,682.13,2020-04-01,Basic
984,Megan Salazar,48.0,Male,stephanie67@clark.biz,,50544.0,856.6,,Basic
985,Jack Yang,54.0,Other,,Masonton,37904.0,26.05,2020-02-04,Basic
986,Ryan May,55.0,Female,amberolson@hotmail.com,East Danielchester,92705.0,55.35,2023-08-06,Basic
987,Mark Alvarado,41.0,Male,susanjohnson@mercer-carter.com,South Mary,110528.0,617.36,2020-04-17,Basic
988,Mary Moore MD,28.0,Other,ybutler@gmail.com,Amandaport,86902.0,,2020-07-09,Basic
989,,68.0,Female,joshuamartin@mckenzie-mendoza.com,Jacksonbury,,550.87,2024-04-03,Basic
990,,27.0,Female,davisjenna@yahoo.com,Kimberlyhaven,69635.0,22.79,2022-04-15,Standard
991,Robert Richardson,66.0,Other,levywilliam@pacheco-young.com,Abbottside,77591.0,951.24,2024-01-03,Basic
992,Amanda Erickson,65.0,,bhaley@phillips.net,Ninaville,102619.0,767.57,2020-06-18,Standard
993,Thomas Webb,56.0,Other,kcruz@orozco.net,Thorntonberg,137243.0,371.75,2023-04-17,Basic
994,Michael Duran,55.0,Male,wdavidson@hoffman-gonzalez.biz,Port Donaldberg,92451.0,684.76,2024-11-20,Standard
995,Kevin Jacobs,41.0,Male,joshua79@yahoo.com,Williamstad,97261.0,60.75,,Standard
996,Kristin Boyd,,Female,,North Michelle,120927.0,850.2,2021-10-16,Standard
997,Karen Todd,31.0,Female,xclark@hotmail.com,Port Sandrashire,101271.0,697.83,2021-08-19,Standard
998,,29.0,Male,john62@hotmail.com,Jefferymouth,99993.0,867.44,2022-11-03,Standard
999,Randy Ramirez,37.0,Other,reynoldskenneth@schwartz.com,New Jeffreyview,61961.0,154.43,2021-10-24,Basic
1000,Megan Atkins,,Male,ritawilson@gmail.com,,78808.0,552.5,2022-08-15,Basic
522,Andrew Welch,39.0,Female,ojohnson@haynes-taylor.info,Edwardstad,135893.0,260.35,2020-05-31,Basic
738,Mckenzie Harrison,58.0,Female,pricescott@gibson.com,Wendyshire,79894.0,585.37,2020-05-25,Standard
741,Suzanne Randall,,Male,erinpatterson@white.com,South Laurie,,954.49,2021-12-09,Standard
661,Beth Williams,59.0,Other,elizabeth42@fritz.org,East Jonathanchester,132209.0,911.27,2022-03-14,Basic
412,Nicholas Glenn,28.0,Male,armstrongjudy@gmail.com,Angelaport,86786.0,560.19,2022-11-06,Basic
679,Shannon Howe,48.0,Female,ballen@gmail.com,East Cassandra,58889.0,793.78,2022-04-14,Premium
627,Walter Wu,,Other,christyhartman@evans.biz,North Kimberly,127627.0,546.38,2020-08-05,Standard
514,Emily Kim,63.0,Other,gabriel26@williams.com,Adamstad,82404.0,625.69,2022-01-18,Basic
860,Michael Wood,18.0,Female,gregory25@barnes.com,Sanchezside,34903.0,133.79,2023-07-06,Premium
137,Richard Casey,19.0,Female,thomastimothy@anderson.biz,Longmouth,38766.0,,2022-10-05,Standard
812,Kevin Sutton,27.0,Male,patricia85@gmail.com,Arielport,145661.0,,2022-04-26,Standard
77,Mark Alexander,59.0,Female,qcarr@gmail.com,North Lauren,,116.96,2022-09-13,
637,Edward Bender,69.0,Male,wrightlisa@scott.com,Nguyenmouth,77653.0,157.5,2024-09-29,Premium
974,Christopher Baldwin,56.0,Male,paigewalton@allen.com,Mikaylafort,118423.0,840.45,2022-06-16,Standard
939,Mary Tate,53.0,Female,pamelaevans@hotmail.com,Michaelfort,136654.0,470.85,2023-09-15,Standard
900,Megan Murphy,55.0,Other,daniel66@yahoo.com,Millerstad,87340.0,994.68,2020-07-05,Standard
281,Lindsay Gill,,Other,emorris@diaz.com,South Karinaton,41654.0,827.35,2022-07-12,Standard
884,Olivia Cox,22.0,Other,james91@yahoo.com,New Christopherview,113278.0,959.97,,Premium
762,Sarah Peterson,48.0,Female,cooperdouglas@yahoo.com,Lake Brookeshire,144419.0,160.72,2020-01-23,Premium
320,Sandra Collins,34.0,Other,jennifer68@hotmail.com,South Michaelstad,66307.0,491.64,2022-03-09,Premium
550,,44.0,Female,quinnjoshua@clark.com,Troyland,34534.0,676.05,2023-10-22,Premium
175,,47.0,Female,buchanancandice@dawson-cooper.com,East Courtney,43571.0,808.75,2024-08-29,Standard
372,Jacqueline Walker,22.0,Other,cesarbooth@yahoo.com,Lake Troy,78182.0,853.18,2022-07-19,Premium
528,Timothy May,,Male,ethanharris@gmail.com,Lawsonborough,82671.0,679.22,2023-07-29,Basic
211,Robert Castillo,66.0,Female,tchen@gmail.com,Johnberg,32926.0,800.19,2022-09-23,Basic
236,Karen Phillips,21.0,Male,richardhaynes@yahoo.com,Alexanderborough,85155.0,74.73,2021-09-07,Premium
102,Ms. Brenda Martinez MD,55.0,Male,xmeyer@schultz.org,North Elizabethville,84666.0,576.29,2024-07-26,Standard
987,Mark Alvarado,41.0,Male,susanjohnson@mercer-carter.com,South Mary,110528.0,617.36,2020-04-17,Basic
903,Edward Peters,52.0,Other,ramseywilliam@french-clarke.net,Olsonland,146938.0,632.07,2022-05-17,Basic
948,,69.0,Female,elizabeth90@gmail.com,Mosleyside,85545.0,538.79,2025-01-08,Standard
347,Justin Sims,56.0,Male,ryansalas@gmail.com,East Bryanton,52859.0,265.11,2022-03-19,Basic
140,Natalie Anderson,26.0,Other,andersonjohnny@henderson.com,Melissashire,61483.0,910.18,2020-01-25,Standard
622,Michelle Meza,60.0,Male,thompsonhenry@gmail.com,Wilsonbury,117733.0,563.99,2022-04-19,Premium
500,Julie Mills,62.0,Other,mayeradam@sexton-bradley.org,South Julieview,116687.0,64.32,2021-12-11,
371,Dr. Jerry Powell Jr.,59.0,Male,vroman@gmail.com,Chavezberg,117292.0,51.97,2022-10-12,Premium
199,Wayne Smith,40.0,Female,phillip80@yahoo.com,Patrickmouth,,954.84,2022-05-16,Basic
688,David Ryan,54.0,Female,astein@smith.net,Lake Rachaelton,135495.0,368.7,2022-07-28,Premium
585,Patricia Flynn,22.0,Female,tammy70@hotmail.com,Port Kennethburgh,52250.0,222.63,2020-10-07,Standard
902,Dean Bolton,55.0,Other,andre92@gmail.com,North Dylan,120334.0,388.01,2024-12-29,Standard
60,Robert White,24.0,Other,richardsondavid@yahoo.com,East Larry,63372.0,952.79,2024-12-23,Premium
329,Robin Taylor,42.0,Other,brownscott@gmail.com,Albertton,71202.0,499.58,2024-10-05,Basic
97,Dominique Torres,20.0,Female,williamsashley@gmail.com,West Angela,88211.0,888.35,2020-07-10,Basic
313,Mary Ramos,27.0,Other,manueljones@yahoo.com,West Suzanne,88693.0,413.4,2020-07-25,Standard
975,Matthew Francis,19.0,Other,,Yangville,125063.0,634.55,2023-07-18,Standard
300,Michelle Zimmerman,63.0,Other,fwaters@mosley.biz,Cortezburgh,70987.0,728.06,2022-12-18,Premium
278,Riley Jackson,49.0,Other,garcialeslie@kennedy-grimes.com,Reedport,,480.79,2020-09-23,Basic
925,Jacqueline Wilson,41.0,Female,oneilltimothy@simpson.biz,Schwartzborough,148399.0,716.07,2023-09-28,Premium
602,Catherine Wilcox,45.0,Female,rebeccasnow@watkins.com,South Kathleen,98426.0,322.92,2024-09-29,Standard
440,Corey Moore,52.0,Male,prodriguez@bell.com,,,354.54,2024-02-20,
838,Tammy Lopez,59.0,Female,sandra73@watts-rodriguez.org,South Patriciaside,32013.0,23.66,2021-12-03,Premium
